# Blender 5.2.1 LTS
# www.blender.org
mtllib Wall_Ruined.mtl
o EXPORT_Wall_Ruined
v 0.928074 1.565920 0.264262
v 0.410071 1.759922 0.092325
v 0.426477 1.761082 0.132475
v 0.434004 1.794730 0.102231
v 0.433457 1.519672 0.089710
v 0.463674 1.489927 0.098913
v 0.449863 1.520832 0.129860
v 0.515487 1.805205 -0.131438
v 0.529298 1.774300 -0.162384
v 0.491553 1.770396 -0.141344
v 0.545157 1.500401 -0.134754
v 0.514940 1.530147 -0.143958
v 0.552684 1.534050 -0.164999
v 0.874470 1.835915 0.257672
v 0.866943 1.802266 0.287916
v 0.904688 1.806169 0.266876
v 0.890329 1.562016 0.285302
v 0.904141 1.531111 0.254355
v 0.955953 1.846389 0.024004
v 0.986170 1.816644 0.033208
v 0.969764 1.815484 -0.006942
v 0.985623 1.541586 0.020687
v 0.993150 1.575234 -0.009557
v 1.009557 1.576394 0.030593
v -2.924840 0.277506 -0.155200
v -2.924840 0.309937 -0.122769
v -2.896017 0.036106 -0.122769
v -2.924840 0.003675 -0.122769
v -2.924840 0.036106 -0.155200
v -2.924840 0.309937 0.124921
v -2.924840 0.277506 0.157352
v -2.896017 0.277506 0.124921
v -2.924840 0.003675 0.124921
v -2.896017 0.036107 0.124921
v -2.924840 0.036106 0.157352
v -2.369468 0.277506 -0.122769
v -2.398292 0.277506 -0.155200
v -2.398292 0.309937 -0.122769
v -2.369469 0.036106 -0.122769
v -2.398292 0.003675 -0.122769
v -2.398292 0.036106 -0.155200
v -2.398292 0.309937 0.124921
v -2.398292 0.277506 0.157352
v -2.369468 0.277506 0.124921
v -2.398292 0.003675 0.124921
v -2.398292 0.036107 0.157352
v -2.867193 0.309937 -0.122769
v -2.867193 0.277506 -0.155200
v -2.896017 0.277506 -0.122769
v -2.867194 0.036106 -0.155200
v -2.867193 0.003675 -0.122769
v -2.867193 0.309937 0.124921
v -2.867194 0.277506 0.157352
v -2.867193 0.003675 0.124921
v -2.867193 0.036106 0.157352
v -1.842920 0.277506 -0.122769
v -1.871743 0.277506 -0.155200
v -1.871743 0.309937 -0.122769
v -1.842920 0.036106 -0.122769
v -1.871743 0.003675 -0.122769
v -1.871743 0.036106 -0.155200
v -1.871743 0.309937 0.124921
v -1.871743 0.277506 0.157352
v -1.871743 0.003675 0.124921
v -1.871743 0.036106 0.157352
v -2.340645 0.309937 -0.122769
v -2.340645 0.277506 -0.155200
v -2.340644 0.036106 -0.155200
v -2.340645 0.003675 -0.122769
v -2.340645 0.309937 0.124921
v -2.340645 0.277506 0.157352
v -2.340645 0.003675 0.124921
v -2.340645 0.036106 0.157352
v -2.369468 0.036106 0.124921
v -1.842920 0.277506 0.124921
v -1.842920 0.036106 0.124921
v -2.632743 0.583768 -0.122769
v -2.661566 0.583768 -0.155200
v -2.661566 0.616199 -0.122769
v -2.632743 0.342369 -0.122769
v -2.661566 0.309937 -0.122769
v -2.661566 0.342368 -0.155200
v -2.661566 0.616200 0.124921
v -2.661566 0.583768 0.157352
v -2.632743 0.583768 0.124921
v -2.661566 0.309937 0.124921
v -2.632743 0.342369 0.124921
v -2.661566 0.342369 0.157352
v -3.130468 0.616199 -0.122769
v -3.130468 0.583768 -0.155200
v -3.159291 0.583768 -0.122769
v -3.159291 0.342369 -0.122769
v -3.130468 0.342369 -0.155200
v -3.130468 0.309937 -0.122769
v -3.130468 0.616200 0.124921
v -3.159291 0.583768 0.124921
v -3.130468 0.583768 0.157352
v -3.130468 0.309937 0.124921
v -3.130468 0.342369 0.157352
v -3.159291 0.342369 0.124921
v -2.135018 0.583768 -0.155200
v -2.135018 0.616199 -0.122769
v -2.106194 0.342368 -0.122769
v -2.135018 0.309937 -0.122769
v -2.135018 0.342368 -0.155200
v -2.135018 0.616199 0.124921
v -2.135018 0.583768 0.157352
v -2.106194 0.583768 0.124921
v -2.135018 0.309937 0.124921
v -2.135018 0.342369 0.157352
v -2.603919 0.616199 -0.122769
v -2.603920 0.583768 -0.155200
v -2.603919 0.342368 -0.155200
v -2.603920 0.309937 -0.122769
v -2.603920 0.616200 0.124921
v -2.603919 0.583768 0.157352
v -2.603920 0.309937 0.124921
v -2.603920 0.342369 0.157352
v -1.608469 0.583768 -0.155200
v -1.608469 0.616199 -0.122769
v -1.608469 0.309937 -0.122769
v -1.608469 0.342368 -0.155200
v -1.608469 0.616199 0.124921
v -1.608469 0.583768 0.157352
v -1.579646 0.583768 0.124921
v -1.608469 0.309937 0.124921
v -1.579646 0.342369 0.124921
v -1.608469 0.342369 0.157352
v -2.077371 0.616199 -0.122769
v -2.077371 0.583768 -0.155200
v -2.106194 0.583768 -0.122769
v -2.077371 0.342368 -0.155200
v -2.077371 0.309937 -0.122769
v -2.077371 0.616199 0.124921
v -2.077371 0.583768 0.157352
v -2.077371 0.309937 0.124921
v -2.077371 0.342369 0.157352
v -2.106194 0.342369 0.124921
v -1.579646 0.583768 -0.122769
v -1.579646 0.342368 -0.122769
v -2.896017 0.890030 -0.122769
v -2.924840 0.890030 -0.155200
v -2.924840 0.922462 -0.122769
v -2.896017 0.648631 -0.122769
v -2.924840 0.616199 -0.122769
v -2.924841 0.648631 -0.155200
v -2.924840 0.922462 0.124920
v -2.924840 0.890030 0.157352
v -2.896017 0.890030 0.124920
v -2.924840 0.616200 0.124921
v -2.896017 0.648631 0.124921
v -2.924840 0.648631 0.157352
v -2.398292 0.890030 -0.155200
v -2.398292 0.922462 -0.122769
v -2.398292 0.616199 -0.122769
v -2.398292 0.648631 -0.155200
v -2.398292 0.922462 0.124921
v -2.398292 0.890030 0.157352
v -2.398292 0.616200 0.124921
v -2.369469 0.648631 0.124921
v -2.398292 0.648631 0.157352
v -2.867194 0.922462 -0.122769
v -2.867193 0.890030 -0.155200
v -2.867194 0.648631 -0.155200
v -2.867193 0.616199 -0.122769
v -2.867193 0.922462 0.124921
v -2.867194 0.890030 0.157352
v -2.867194 0.616200 0.124921
v -2.867193 0.648631 0.157352
v -1.842920 0.890030 -0.122769
v -1.871743 0.890030 -0.155200
v -1.871743 0.922462 -0.122769
v -1.842920 0.648631 -0.122769
v -1.871743 0.616199 -0.122769
v -1.871743 0.648631 -0.155200
v -1.871744 0.922462 0.124921
v -1.871744 0.890030 0.157352
v -1.871744 0.616199 0.124921
v -1.842920 0.648631 0.124921
v -1.871743 0.648631 0.157352
v -2.340645 0.922462 -0.122769
v -2.340645 0.890030 -0.155200
v -2.369469 0.890030 -0.122769
v -2.369469 0.648631 -0.122769
v -2.340645 0.648631 -0.155200
v -2.340645 0.616199 -0.122769
v -2.340645 0.922462 0.124921
v -2.369469 0.890030 0.124920
v -2.340645 0.890030 0.157352
v -2.340645 0.616199 0.124921
v -2.340645 0.648631 0.157352
v -1.842920 0.890030 0.124921
v -3.159291 1.196293 -0.122769
v -3.159291 0.954893 -0.122769
v -3.159291 1.196293 0.124920
v -2.632743 1.196293 -0.122769
v -2.661566 1.196292 -0.155200
v -2.661566 1.228724 -0.122769
v -2.661566 0.922462 -0.122769
v -2.661566 0.954893 -0.155200
v -2.661566 1.228724 0.124920
v -2.661566 1.196293 0.157352
v -2.632743 1.196293 0.124920
v -2.661566 0.922462 0.124921
v -2.632743 0.954893 0.124920
v -2.661566 0.954893 0.157352
v -3.130468 1.228724 -0.122769
v -3.130468 1.196292 -0.155200
v -3.130468 0.954893 -0.155200
v -3.130468 0.922462 -0.122769
v -3.130468 1.228724 0.124920
v -3.130468 1.196293 0.157352
v -3.130468 0.922462 0.124920
v -3.130468 0.954893 0.157352
v -3.159292 0.954893 0.124920
v -2.135018 1.196292 -0.155200
v -2.135018 1.228724 -0.122769
v -2.135018 0.922462 -0.122769
v -2.135018 0.954893 -0.155200
v -2.135018 1.228724 0.124921
v -2.135018 1.196292 0.157352
v -2.106194 1.196293 0.124921
v -2.135018 0.922462 0.124921
v -2.135018 0.954893 0.157352
v -2.603919 1.228724 -0.122769
v -2.603920 1.196293 -0.155200
v -2.632743 0.954893 -0.122769
v -2.603920 0.954893 -0.155200
v -2.603920 0.922462 -0.122769
v -2.603920 1.228724 0.124920
v -2.603919 1.196293 0.157352
v -2.603920 0.922462 0.124920
v -2.603920 0.954893 0.157352
v -1.579646 1.196292 -0.122769
v -1.608469 1.196292 -0.155200
v -1.608469 1.228724 -0.122769
v -1.608469 0.922462 -0.122769
v -1.608469 0.954893 -0.155200
v -1.608469 1.228724 0.124921
v -1.608469 1.196292 0.157352
v -1.608469 0.922462 0.124921
v -1.608469 0.954893 0.157352
v -2.077371 1.228724 -0.122769
v -2.077371 1.196293 -0.155200
v -2.106194 1.196293 -0.122769
v -2.106194 0.954893 -0.122769
v -2.077371 0.954893 -0.155200
v -2.077371 0.922462 -0.122769
v -2.077371 1.228724 0.124921
v -2.077371 1.196293 0.157352
v -2.077371 0.922462 0.124921
v -2.077371 0.954893 0.157352
v -2.106194 0.954893 0.124921
v -1.579646 0.954893 -0.122769
v -1.579646 1.196292 0.124921
v -1.579646 0.954893 0.124921
v -2.924840 1.502555 -0.155200
v -2.924841 1.534986 -0.122769
v -2.896018 1.261155 -0.122769
v -2.924841 1.228724 -0.122769
v -2.924841 1.261155 -0.155200
v -2.924840 1.534986 0.124920
v -2.924841 1.502555 0.157351
v -2.896017 1.502555 0.124920
v -2.924840 1.228724 0.124920
v -2.924841 1.261155 0.157352
v -2.369469 1.502555 -0.122769
v -2.398292 1.502555 -0.155200
v -2.398292 1.534986 -0.122770
v -2.369469 1.261155 -0.122769
v -2.398292 1.228724 -0.122769
v -2.398292 1.261155 -0.155200
v -2.398292 1.534986 0.124920
v -2.398292 1.502555 0.157351
v -2.369469 1.502555 0.124920
v -2.398292 1.228724 0.124920
v -2.398292 1.261155 0.157352
v -2.867194 1.534986 -0.122769
v -2.867194 1.502555 -0.155200
v -2.896017 1.502555 -0.122770
v -2.867194 1.261155 -0.155200
v -2.867194 1.228724 -0.122769
v -2.867194 1.534986 0.124920
v -2.867194 1.502555 0.157351
v -2.867194 1.228724 0.124920
v -2.867194 1.261155 0.157351
v -2.896017 1.261155 0.124920
v -1.842920 1.502555 -0.122769
v -1.871743 1.502555 -0.155200
v -1.871743 1.534986 -0.122769
v -1.871743 1.228724 -0.122769
v -1.871744 1.261155 -0.155200
v -1.871744 1.534986 0.124920
v -1.871744 1.502555 0.157352
v -1.842920 1.502555 0.124920
v -1.871744 1.228724 0.124921
v -1.842920 1.261155 0.124921
v -1.871743 1.261155 0.157352
v -2.340645 1.534986 -0.122769
v -2.340645 1.502555 -0.155200
v -2.340645 1.261155 -0.155200
v -2.340645 1.228724 -0.122769
v -2.340645 1.534986 0.124920
v -2.340645 1.502555 0.157352
v -2.340645 1.228724 0.124920
v -2.340645 1.261155 0.157351
v -2.369469 1.261155 0.124920
v -1.842920 1.261155 -0.122769
v -3.159292 1.567417 -0.122770
v -3.159292 1.808817 0.124920
v -2.661567 1.808817 -0.155200
v -2.661566 1.841248 -0.122770
v -2.632743 1.567417 -0.122769
v -2.661567 1.534986 -0.122770
v -2.661567 1.567417 -0.155200
v -2.661567 1.841248 0.124920
v -2.661567 1.808817 0.157351
v -2.632743 1.808817 0.124920
v -2.661567 1.534986 0.124920
v -2.632743 1.567417 0.124920
v -2.661567 1.567417 0.157351
v -3.130468 1.841248 -0.122770
v -3.130468 1.808817 -0.155200
v -3.159292 1.808817 -0.122770
v -3.130468 1.567417 -0.155200
v -3.130468 1.534986 -0.122770
v -3.130468 1.841248 0.124920
v -3.130468 1.808817 0.157351
v -3.130468 1.534986 0.124920
v -3.130468 1.567417 0.157351
v -3.159292 1.567417 0.124920
v -2.106194 1.808817 -0.122769
v -2.135018 1.808817 -0.155200
v -2.135018 1.841248 -0.122770
v -2.106194 1.567417 -0.122769
v -2.135018 1.534986 -0.122769
v -2.135018 1.567417 -0.155200
v -2.135018 1.841248 0.124920
v -2.135018 1.808817 0.157351
v -2.106194 1.808817 0.124920
v -2.135018 1.534986 0.124920
v -2.135018 1.567417 0.157351
v -2.603920 1.841248 -0.122770
v -2.603920 1.808817 -0.155200
v -2.632743 1.808817 -0.122770
v -2.603920 1.567417 -0.155200
v -2.603920 1.534986 -0.122769
v -2.603920 1.841248 0.124920
v -2.603920 1.808817 0.157351
v -2.603920 1.534986 0.124920
v -2.603920 1.567417 0.157351
v -1.608469 1.808817 -0.155200
v -1.608469 1.841248 -0.122769
v -1.579646 1.567417 -0.122769
v -1.608469 1.534986 -0.122769
v -1.608469 1.567417 -0.155200
v -1.608469 1.841248 0.124920
v -1.608469 1.808817 0.157352
v -1.608469 1.534986 0.124920
v -1.608469 1.567417 0.157352
v -2.077371 1.841248 -0.122769
v -2.077371 1.808817 -0.155200
v -2.077371 1.567417 -0.155200
v -2.077371 1.534986 -0.122769
v -2.077371 1.841248 0.124920
v -2.077371 1.808817 0.157351
v -2.077371 1.534986 0.124920
v -2.077371 1.567417 0.157352
v -2.106194 1.567417 0.124920
v -1.579646 1.808817 -0.122769
v -1.579646 1.808817 0.124920
v -1.579646 1.567417 0.124920
v -2.896017 2.115079 -0.122770
v -2.924841 2.115079 -0.155200
v -2.924841 2.147510 -0.122770
v -2.896018 1.873679 -0.122770
v -2.924841 1.841248 -0.122770
v -2.924841 1.873680 -0.155200
v -2.924841 2.147511 0.124920
v -2.924841 2.115079 0.157351
v -2.924841 1.841248 0.124920
v -2.924841 1.873680 0.157351
v -2.369469 2.115079 -0.122770
v -2.398292 2.115079 -0.155200
v -2.398292 2.147510 -0.122770
v -2.369469 1.873679 -0.122770
v -2.398292 1.841248 -0.122769
v -2.398292 1.873680 -0.155200
v -2.398292 2.147511 0.124920
v -2.398292 2.115079 0.157351
v -2.369469 2.115079 0.124920
v -2.398292 1.841248 0.124920
v -2.398292 1.873680 0.157351
v -2.867194 2.147510 -0.122770
v -2.867194 2.115079 -0.155200
v -2.867194 1.873680 -0.155200
v -2.867194 1.841248 -0.122770
v -2.867194 2.147510 0.124920
v -2.896017 2.115079 0.124920
v -2.867194 2.115079 0.157351
v -2.867194 1.841248 0.124920
v -2.867194 1.873679 0.157351
v -2.896018 1.873680 0.124920
v -1.871744 2.115079 -0.155200
v -1.871744 2.147510 -0.122770
v -1.842920 1.873679 -0.122769
v -1.871744 1.841248 -0.122769
v -1.871744 1.873679 -0.155200
v -1.871744 2.147511 0.124920
v -1.871744 2.115079 0.157351
v -1.871744 1.841248 0.124920
v -1.871744 1.873679 0.157351
v -2.340645 2.147511 -0.122770
v -2.340645 2.115079 -0.155200
v -2.340645 1.873680 -0.155200
v -2.340645 1.841248 -0.122770
v -2.340645 2.147510 0.124920
v -2.340645 2.115079 0.157351
v -2.340645 1.841248 0.124920
v -2.340645 1.873680 0.157351
v -2.369469 1.873680 0.124920
v -1.842920 2.115079 -0.122770
v -1.842920 2.115079 0.124920
v -1.842920 1.873680 0.124920
v -3.159292 2.179941 -0.122770
v -3.159292 2.421341 0.124920
v -3.159292 2.179941 0.124920
v -2.632743 2.421341 -0.122770
v -2.661567 2.421341 -0.155200
v -2.661567 2.453772 -0.122770
v -2.661567 2.147511 -0.122770
v -2.661567 2.179941 -0.155200
v -2.661567 2.453772 0.124920
v -2.661567 2.421341 0.157351
v -2.632743 2.421341 0.124920
v -2.661567 2.147510 0.124920
v -2.661567 2.179941 0.157351
v -3.130468 2.453772 -0.122770
v -3.130468 2.421341 -0.155200
v -3.159292 2.421341 -0.122770
v -3.130468 2.179941 -0.155200
v -3.130468 2.147510 -0.122770
v -3.130468 2.453772 0.124920
v -3.130468 2.421341 0.157351
v -3.130468 2.147510 0.124920
v -3.130468 2.179942 0.157351
v -2.135018 2.421341 -0.155200
v -2.135018 2.453773 -0.122770
v -2.106194 2.179942 -0.122770
v -2.135018 2.147511 -0.122770
v -2.135018 2.179941 -0.155200
v -2.135018 2.453772 0.124920
v -2.135018 2.421341 0.157351
v -2.106195 2.421341 0.124920
v -2.135018 2.147510 0.124920
v -2.135018 2.179941 0.157351
v -2.603920 2.453772 -0.122770
v -2.603920 2.421341 -0.155200
v -2.632743 2.179941 -0.122770
v -2.603920 2.179941 -0.155200
v -2.603920 2.147510 -0.122770
v -2.603920 2.453773 0.124920
v -2.603920 2.421341 0.157351
v -2.603920 2.147511 0.124920
v -2.603920 2.179942 0.157351
v -2.632743 2.179941 0.124920
v -1.608470 2.421341 -0.155200
v -1.608469 2.453772 -0.122770
v -1.608470 2.147510 -0.122770
v -1.608469 2.179941 -0.155200
v -1.608470 2.453772 0.124920
v -1.608470 2.421341 0.157351
v -1.608470 2.147510 0.124920
v -1.608470 2.179941 0.157351
v -2.077371 2.453772 -0.122770
v -2.077371 2.421341 -0.155200
v -2.106194 2.421341 -0.122770
v -2.077371 2.179941 -0.155200
v -2.077371 2.147510 -0.122770
v -2.077371 2.453773 0.124920
v -2.077371 2.421341 0.157351
v -2.077371 2.147511 0.124920
v -2.077371 2.179941 0.157351
v -2.106194 2.179941 0.124920
v -1.579646 2.421341 -0.122770
v -1.579646 2.179941 -0.122770
v -1.579646 2.421341 0.124920
v -1.579646 2.179941 0.124920
v -2.896018 2.727603 -0.122770
v -2.924841 2.727603 -0.155200
v -2.924841 2.760034 -0.122770
v -2.924841 2.453772 -0.122770
v -2.924841 2.486203 -0.155200
v -2.924841 2.760034 0.124920
v -2.924841 2.727603 0.157351
v -2.896018 2.727603 0.124920
v -2.924841 2.453772 0.124920
v -2.924841 2.486204 0.157351
v -2.398293 2.727603 -0.155200
v -2.398293 2.760034 -0.122770
v -2.398293 2.453772 -0.122770
v -2.398292 2.486203 -0.155200
v -2.398293 2.760034 0.124920
v -2.398293 2.727603 0.157351
v -2.398293 2.453773 0.124920
v -2.369469 2.486203 0.124920
v -2.398293 2.486203 0.157351
v -2.867194 2.760034 -0.122770
v -2.867194 2.727603 -0.155200
v -2.896018 2.486203 -0.122770
v -2.867194 2.486203 -0.155200
v -2.867194 2.453772 -0.122770
v -2.867194 2.760034 0.124920
v -2.867194 2.727603 0.157351
v -2.867194 2.453772 0.124920
v -2.867194 2.486203 0.157351
v -2.896018 2.486203 0.124920
v -1.842920 2.727603 -0.122770
v -1.871744 2.727603 -0.155200
v -1.871744 2.760034 -0.122770
v -1.842920 2.486203 -0.122770
v -1.871744 2.453772 -0.122770
v -1.871744 2.486203 -0.155200
v -1.871744 2.760035 0.124920
v -1.871744 2.727603 0.157351
v -1.871744 2.453773 0.124920
v -1.871744 2.486203 0.157351
v -2.340645 2.760034 -0.122770
v -2.340645 2.727603 -0.155200
v -2.369469 2.727603 -0.122770
v -2.369469 2.486203 -0.122770
v -2.340645 2.486203 -0.155200
v -2.340645 2.453773 -0.122770
v -2.340645 2.760034 0.124920
v -2.369469 2.727603 0.124920
v -2.340645 2.727603 0.157351
v -2.340645 2.453772 0.124920
v -2.340645 2.486203 0.157351
v -1.345195 2.727603 -0.155200
v -1.345195 2.760034 -0.122770
v -1.345195 2.453772 -0.122770
v -1.345195 2.486203 -0.155200
v -1.345195 2.760034 0.124920
v -1.345195 2.727603 0.157351
v -1.345195 2.453772 0.124920
v -1.345195 2.486203 0.157351
v -1.814097 2.760034 -0.122770
v -1.814097 2.727603 -0.155200
v -1.814097 2.486203 -0.155200
v -1.814097 2.453772 -0.122770
v -1.814097 2.760034 0.124920
v -1.842920 2.727603 0.124920
v -1.814097 2.727603 0.157351
v -1.814097 2.453772 0.124920
v -1.814097 2.486203 0.157351
v -1.842920 2.486203 0.124920
v -3.159292 3.033865 -0.122770
v -3.159292 2.792466 0.124920
v -2.661567 3.033865 -0.155200
v -2.661567 3.066296 -0.122770
v -2.632743 2.792465 -0.122770
v -2.661567 2.760034 -0.122770
v -2.661567 2.792466 -0.155200
v -2.661567 3.066296 0.124920
v -2.661567 3.033865 0.157351
v -2.661567 2.760034 0.124920
v -2.661567 2.792465 0.157351
v -3.130468 3.066297 -0.122770
v -3.130468 3.033865 -0.155200
v -3.159292 2.792466 -0.122770
v -3.130468 2.792466 -0.155200
v -3.130468 2.760034 -0.122770
v -3.130468 3.066297 0.124920
v -3.159292 3.033866 0.124920
v -3.130468 3.033865 0.157351
v -3.130468 2.760034 0.124920
v -3.130468 2.792465 0.157351
v -2.135018 3.033865 -0.155200
v -2.135018 3.066296 -0.122770
v -2.106195 2.792465 -0.122770
v -2.135018 2.760034 -0.122770
v -2.135018 2.792465 -0.155200
v -2.135018 3.066296 0.124920
v -2.135018 3.033865 0.157351
v -2.135018 2.760034 0.124920
v -2.135018 2.792466 0.157351
v -2.603920 3.066296 -0.122770
v -2.603920 3.033865 -0.155200
v -2.632743 3.033865 -0.122770
v -2.603920 2.792466 -0.155200
v -2.603920 2.760034 -0.122770
v -2.603920 3.066296 0.124920
v -2.632743 3.033865 0.124920
v -2.603920 3.033865 0.157351
v -2.603920 2.760034 0.124920
v -2.603920 2.792466 0.157351
v -2.632743 2.792465 0.124920
v -1.608470 3.033865 -0.155200
v -1.608469 3.066297 -0.122770
v -1.608469 2.760034 -0.122770
v -1.608469 2.792465 -0.155200
v -1.608470 3.066296 0.124920
v -1.608470 3.033865 0.157351
v -1.579646 3.033865 0.124920
v -1.608470 2.760034 0.124920
v -1.579646 2.792465 0.124920
v -1.608470 2.792466 0.157351
v -2.077371 3.066297 -0.122770
v -2.077371 3.033865 -0.155200
v -2.106194 3.033865 -0.122770
v -2.077371 2.792465 -0.155200
v -2.077371 2.760034 -0.122770
v -2.077371 3.066296 0.124920
v -2.106195 3.033865 0.124920
v -2.077371 3.033865 0.157351
v -2.077372 2.760034 0.124920
v -2.077371 2.792466 0.157351
v -2.106195 2.792465 0.124920
v -1.053098 3.033865 -0.122770
v -1.081921 3.033865 -0.155200
v -1.081921 3.066297 -0.122770
v -1.053098 2.792466 -0.122770
v -1.081921 2.760034 -0.122770
v -1.081921 2.792465 -0.155200
v -1.081921 3.066296 0.124920
v -1.081921 3.033865 0.157351
v -1.053097 3.033865 0.124920
v -1.081921 2.760034 0.124920
v -1.053098 2.792465 0.124920
v -1.081921 2.792465 0.157351
v -1.550822 3.066297 -0.122770
v -1.550823 3.033865 -0.155200
v -1.579646 3.033865 -0.122770
v -1.579646 2.792466 -0.122770
v -1.550822 2.792465 -0.155200
v -1.550823 2.760034 -0.122770
v -1.550823 3.066297 0.124920
v -1.550823 3.033866 0.157351
v -1.550823 2.760034 0.124920
v -1.550823 2.792466 0.157351
v -3.159292 2.727603 0.157351
v -3.159292 2.760034 0.124920
v -3.159292 2.486203 0.157351
v -3.159292 2.453772 0.124920
v -3.159292 2.760034 -0.122770
v -3.159292 2.727603 -0.155200
v -3.159292 2.486203 -0.155200
v -3.159292 2.453772 -0.122770
v -3.159292 2.115079 0.157351
v -3.159292 2.147510 0.124920
v -3.159292 1.873680 0.157351
v -3.159292 1.841248 0.124920
v -3.159292 2.147510 -0.122770
v -3.159292 2.115079 -0.155200
v -3.159291 1.873679 -0.155200
v -3.159292 1.841248 -0.122770
v -3.159291 1.502555 0.157351
v -3.159292 1.534986 0.124920
v -3.159292 1.261155 0.157352
v -3.159292 1.228724 0.124920
v -3.159291 1.534986 -0.122770
v -3.159292 1.502555 -0.155200
v -3.159291 1.261155 -0.155200
v -3.159292 1.228724 -0.122770
v -3.159291 0.890031 0.157352
v -3.159291 0.922462 0.124920
v -3.159291 0.648631 0.157352
v -3.159291 0.616200 0.124921
v -3.159291 0.922462 -0.122769
v -3.159291 0.890030 -0.155200
v -3.159291 0.648631 -0.155200
v -3.159291 0.616199 -0.122769
v -3.159291 0.277506 0.157352
v -3.159291 0.309937 0.124921
v -3.159291 0.036107 0.157352
v -3.159291 0.003675 0.124921
v -3.159291 0.309937 -0.122769
v -3.159291 0.277506 -0.155200
v -3.159291 0.036106 -0.155200
v -3.159291 0.003675 -0.122769
v 1.842920 0.277506 -0.122769
v 1.814097 0.277506 -0.155200
v 1.814097 0.309937 -0.122769
v 1.842921 0.036106 -0.122769
v 1.814098 0.003675 -0.122769
v 1.814098 0.036106 -0.155199
v 1.814097 0.309937 0.124921
v 1.814098 0.277506 0.157352
v 1.842921 0.277506 0.124921
v 1.814098 0.003675 0.124921
v 1.814098 0.036106 0.157352
v 1.345196 0.309937 -0.122769
v 1.345195 0.277506 -0.155200
v 1.345196 0.036106 -0.155200
v 1.345196 0.003675 -0.122769
v 1.345195 0.309937 0.124921
v 1.345195 0.277506 0.157352
v 1.345196 0.003675 0.124921
v 1.345196 0.036106 0.157352
v 2.369470 0.277506 -0.122769
v 2.340646 0.277506 -0.155200
v 2.340646 0.309937 -0.122769
v 2.369470 0.036106 -0.122769
v 2.340646 0.003675 -0.122769
v 2.340646 0.036106 -0.155200
v 2.340646 0.309937 0.124921
v 2.340646 0.277506 0.157352
v 2.340646 0.003675 0.124921
v 2.340646 0.036106 0.157352
v 1.871745 0.309937 -0.122769
v 1.871744 0.277506 -0.155200
v 1.871745 0.036106 -0.155200
v 1.871745 0.003675 -0.122769
v 1.871745 0.309937 0.124921
v 1.871744 0.277506 0.157352
v 1.871744 0.003675 0.124921
v 1.871745 0.036106 0.157352
v 1.842921 0.036106 0.124921
v 2.896018 0.277506 -0.122769
v 2.867194 0.277506 -0.155200
v 2.867195 0.309937 -0.122769
v 2.867195 0.003675 -0.122769
v 2.867194 0.036106 -0.155200
v 2.867194 0.309937 0.124921
v 2.867194 0.277506 0.157352
v 2.896018 0.277506 0.124921
v 2.867195 0.003675 0.124921
v 2.896018 0.036106 0.124921
v 2.867195 0.036106 0.157352
v 2.398293 0.309937 -0.122769
v 2.398293 0.277506 -0.155200
v 2.398293 0.036106 -0.155200
v 2.398293 0.003675 -0.122769
v 2.398293 0.309937 0.124921
v 2.369469 0.277506 0.124921
v 2.398293 0.277506 0.157352
v 2.398293 0.003675 0.124921
v 2.398293 0.036106 0.157352
v 2.369470 0.036106 0.124921
v 2.924841 0.309937 -0.122769
v 2.924842 0.277506 -0.155200
v 2.896018 0.036106 -0.122769
v 2.924841 0.036106 -0.155199
v 2.924841 0.003675 -0.122769
v 2.924842 0.309937 0.124921
v 2.924841 0.277506 0.157352
v 2.924841 0.003675 0.124921
v 2.924841 0.036106 0.157352
v 1.579646 0.583768 -0.122769
v 1.579646 0.342368 -0.122769
v 1.579647 0.583768 0.124921
v 1.579646 0.342368 0.124921
v 2.077372 0.583768 -0.155200
v 2.077372 0.616199 -0.122769
v 2.106195 0.342368 -0.122769
v 2.077372 0.309937 -0.122769
v 2.077372 0.342368 -0.155200
v 2.077372 0.616199 0.124921
v 2.077371 0.583768 0.157352
v 2.106195 0.583768 0.124921
v 2.077371 0.309937 0.124921
v 2.077372 0.342368 0.157352
v 1.608470 0.616199 -0.122769
v 1.608470 0.583768 -0.155200
v 1.608470 0.342368 -0.155200
v 1.608470 0.309937 -0.122769
v 1.608470 0.616199 0.124921
v 1.608470 0.583768 0.157352
v 1.608470 0.309937 0.124921
v 1.608470 0.342368 0.157352
v 2.603920 0.583768 -0.155200
v 2.603920 0.616199 -0.122769
v 2.603920 0.309937 -0.122769
v 2.603920 0.342368 -0.155200
v 2.603920 0.616199 0.124921
v 2.603920 0.583768 0.157352
v 2.632744 0.583768 0.124921
v 2.603920 0.309937 0.124921
v 2.632744 0.342368 0.124921
v 2.603920 0.342368 0.157352
v 2.135019 0.616199 -0.122769
v 2.135018 0.583768 -0.155200
v 2.106195 0.583768 -0.122769
v 2.135018 0.342368 -0.155200
v 2.135018 0.309937 -0.122769
v 2.135018 0.616199 0.124921
v 2.135018 0.583768 0.157352
v 2.135018 0.309937 0.124921
v 2.135018 0.342368 0.157352
v 2.106195 0.342368 0.124921
v 3.159293 0.583768 -0.122769
v 3.130469 0.583768 -0.155199
v 3.130469 0.616199 -0.122769
v 3.159292 0.342368 -0.122769
v 3.130469 0.309937 -0.122769
v 3.130469 0.342368 -0.155200
v 3.130469 0.616199 0.124921
v 3.130468 0.583768 0.157352
v 3.159292 0.583768 0.124921
v 3.130468 0.309937 0.124921
v 3.159292 0.342368 0.124921
v 3.130469 0.342368 0.157352
v 2.661567 0.616199 -0.122769
v 2.661567 0.583768 -0.155200
v 2.632744 0.583768 -0.122769
v 2.632743 0.342368 -0.122769
v 2.661567 0.342368 -0.155200
v 2.661567 0.309937 -0.122769
v 2.661567 0.616199 0.124921
v 2.661567 0.583768 0.157352
v 2.661567 0.309937 0.124921
v 2.661567 0.342368 0.157352
v 1.814097 0.890030 -0.155200
v 1.814097 0.922461 -0.122769
v 1.814098 0.616199 -0.122769
v 1.814098 0.648630 -0.155200
v 1.814097 0.922461 0.124921
v 1.814097 0.890030 0.157352
v 1.814097 0.616199 0.124921
v 1.842921 0.648631 0.124921
v 1.814098 0.648630 0.157352
v 1.345196 0.922461 -0.122769
v 1.345195 0.890030 -0.155200
v 1.345195 0.648630 -0.155200
v 1.345195 0.616199 -0.122769
v 1.345195 0.922461 0.124921
v 1.345195 0.890030 0.157352
v 1.345195 0.616199 0.124921
v 1.345196 0.648631 0.157352
v 2.369469 0.890030 -0.122769
v 2.340645 0.890030 -0.155200
v 2.340646 0.922461 -0.122769
v 2.369469 0.648630 -0.122769
v 2.340646 0.616199 -0.122769
v 2.340646 0.648630 -0.155200
v 2.340645 0.922461 0.124921
v 2.340645 0.890030 0.157352
v 2.340646 0.616199 0.124921
v 2.369469 0.648631 0.124921
v 2.340646 0.648630 0.157352
v 1.871745 0.922461 -0.122769
v 1.871744 0.890030 -0.155200
v 1.842920 0.890030 -0.122769
v 1.842921 0.648630 -0.122769
v 1.871744 0.648630 -0.155200
v 1.871744 0.616199 -0.122769
v 1.871744 0.922461 0.124921
v 1.842920 0.890030 0.124921
v 1.871744 0.890030 0.157352
v 1.871744 0.616199 0.124921
v 1.871744 0.648630 0.157352
v 2.867194 0.890030 -0.155200
v 2.867194 0.922461 -0.122769
v 2.896018 0.648630 -0.122769
v 2.867195 0.616199 -0.122769
v 2.867194 0.648630 -0.155199
v 2.867194 0.922461 0.124921
v 2.867194 0.890030 0.157352
v 2.867194 0.616199 0.124921
v 2.867195 0.648630 0.157352
v 2.398293 0.922461 -0.122769
v 2.398293 0.890030 -0.155200
v 2.398293 0.648630 -0.155200
v 2.398293 0.616199 -0.122769
v 2.398293 0.922461 0.124921
v 2.369469 0.890030 0.124921
v 2.398293 0.890030 0.157352
v 2.398293 0.616199 0.124921
v 2.398293 0.648630 0.157352
v 2.924841 0.922461 -0.122769
v 2.924841 0.890030 -0.155200
v 2.896018 0.890030 -0.122769
v 2.924841 0.648630 -0.155200
v 2.924841 0.616199 -0.122769
v 2.924841 0.922461 0.124921
v 2.896018 0.890030 0.124921
v 2.924841 0.890030 0.157352
v 2.924841 0.616199 0.124921
v 2.924841 0.648630 0.157352
v 2.896018 0.648630 0.124921
v 1.579646 1.196292 -0.122769
v 1.579647 1.196292 0.124921
v 1.579647 0.954893 0.124921
v 2.077371 1.196292 -0.155200
v 2.077372 1.228723 -0.122769
v 2.077372 0.922461 -0.122769
v 2.077371 0.954893 -0.155200
v 2.077371 1.228724 0.124921
v 2.077371 1.196292 0.157352
v 2.106195 1.196292 0.124921
v 2.077371 0.922461 0.124921
v 2.077371 0.954893 0.157352
v 1.608470 1.228723 -0.122769
v 1.608470 1.196292 -0.155200
v 1.579646 0.954893 -0.122769
v 1.608470 0.954893 -0.155200
v 1.608470 0.922461 -0.122769
v 1.608470 1.228723 0.124920
v 1.608470 1.196292 0.157352
v 1.608470 0.922461 0.124921
v 1.608470 0.954893 0.157352
v 2.632744 1.196292 -0.122769
v 2.603920 1.196292 -0.155200
v 2.603920 1.228723 -0.122769
v 2.603920 0.922461 -0.122769
v 2.603920 0.954892 -0.155200
v 2.603920 1.228723 0.124921
v 2.603920 1.196292 0.157352
v 2.603920 0.922461 0.124921
v 2.603920 0.954893 0.157352
v 2.135018 1.228723 -0.122769
v 2.135018 1.196292 -0.155200
v 2.106195 1.196292 -0.122769
v 2.106194 0.954893 -0.122769
v 2.135018 0.954893 -0.155200
v 2.135018 0.922461 -0.122769
v 2.135018 1.228723 0.124921
v 2.135018 1.196292 0.157352
v 2.135018 0.922461 0.124921
v 2.135018 0.954893 0.157352
v 2.106195 0.954893 0.124921
v 3.159293 1.196292 -0.122769
v 3.130469 1.196292 -0.155200
v 3.130469 1.228723 -0.122769
v 3.159291 0.954892 -0.122769
v 3.130468 0.922461 -0.122769
v 3.130468 0.954892 -0.155200
v 3.130469 1.228723 0.124921
v 3.130468 1.196292 0.157352
v 3.159292 1.196292 0.124921
v 3.130468 0.922461 0.124921
v 3.159292 0.954893 0.124921
v 3.130468 0.954893 0.157352
v 2.661567 1.228723 -0.122769
v 2.661567 1.196292 -0.155200
v 2.632743 0.954893 -0.122769
v 2.661567 0.954893 -0.155200
v 2.661566 0.922461 -0.122769
v 2.661566 1.228723 0.124921
v 2.632743 1.196292 0.124921
v 2.661567 1.196292 0.157352
v 2.661567 0.922461 0.124921
v 2.661566 0.954893 0.157352
v 2.632743 0.954893 0.124921
v 1.842921 1.502554 -0.122769
v 1.814097 1.502554 -0.155200
v 1.814097 1.534986 -0.122769
v 1.842921 1.261155 -0.122769
v 1.814098 1.228724 -0.122769
v 1.814098 1.261155 -0.155200
v 1.814097 1.534986 0.124921
v 1.814097 1.502555 0.157351
v 1.842920 1.502554 0.124921
v 1.814097 1.228724 0.124921
v 1.814098 1.261155 0.157352
v 1.345195 1.534986 -0.122770
v 1.345195 1.502554 -0.155200
v 1.345195 1.261155 -0.155200
v 1.345196 1.228724 -0.122769
v 1.345195 1.534986 0.124920
v 1.345195 1.502555 0.157351
v 1.345195 1.228724 0.124920
v 1.345196 1.261155 0.157352
v 2.369469 1.502554 -0.122769
v 2.340645 1.502554 -0.155200
v 2.340646 1.534986 -0.122769
v 2.340646 1.228724 -0.122769
v 2.340646 1.261155 -0.155200
v 2.340645 1.534986 0.124921
v 2.340645 1.502555 0.157351
v 2.369469 1.502554 0.124921
v 2.340646 1.228724 0.124921
v 2.369469 1.261155 0.124921
v 2.340646 1.261155 0.157352
v 1.871745 1.534986 -0.122769
v 1.871744 1.502554 -0.155200
v 1.871744 1.261155 -0.155200
v 1.871744 1.228724 -0.122769
v 1.871744 1.534986 0.124921
v 1.871744 1.502554 0.157352
v 1.871744 1.228724 0.124921
v 1.871744 1.261155 0.157351
v 1.842921 1.261155 0.124920
v 2.867194 1.502554 -0.155200
v 2.867194 1.534985 -0.122769
v 2.867195 1.228724 -0.122769
v 2.867194 1.261155 -0.155200
v 2.867194 1.534986 0.124921
v 2.867194 1.502554 0.157352
v 2.896018 1.502554 0.124921
v 2.867194 1.228724 0.124921
v 2.867195 1.261155 0.157352
v 2.398293 1.534986 -0.122769
v 2.398293 1.502554 -0.155200
v 2.369469 1.261155 -0.122769
v 2.398293 1.261155 -0.155200
v 2.398293 1.228724 -0.122769
v 2.398293 1.534986 0.124921
v 2.398293 1.502554 0.157352
v 2.398293 1.228724 0.124921
v 2.398293 1.261155 0.157352
v 2.924841 1.534985 -0.122769
v 2.924841 1.502554 -0.155200
v 2.896018 1.502554 -0.122769
v 2.896018 1.261155 -0.122769
v 2.924841 1.261155 -0.155200
v 2.924840 1.228724 -0.122769
v 2.924841 1.534986 0.124920
v 2.924841 1.502554 0.157352
v 2.924841 1.228724 0.124921
v 2.924840 1.261155 0.157352
v 2.896018 1.261155 0.124921
v 1.579646 1.567417 -0.122770
v 1.579646 1.808817 0.124920
v 1.579646 1.567417 0.124920
v 2.106195 1.808816 -0.122769
v 2.077371 1.808816 -0.155200
v 2.077372 1.841248 -0.122769
v 2.106194 1.567417 -0.122769
v 2.077371 1.534986 -0.122769
v 2.077371 1.567417 -0.155200
v 2.077371 1.841248 0.124921
v 2.077371 1.808816 0.157351
v 2.106195 1.808816 0.124920
v 2.077371 1.534986 0.124920
v 2.077371 1.567417 0.157352
v 1.608470 1.841248 -0.122769
v 1.608470 1.808816 -0.155200
v 1.579647 1.808816 -0.122769
v 1.608470 1.567417 -0.155200
v 1.608470 1.534986 -0.122769
v 1.608470 1.841248 0.124920
v 1.608470 1.808817 0.157351
v 1.608470 1.534986 0.124920
v 1.608470 1.567417 0.157352
v 2.603920 1.808816 -0.155200
v 2.603920 1.841248 -0.122769
v 2.632743 1.567417 -0.122769
v 2.603920 1.534986 -0.122769
v 2.603920 1.567417 -0.155200
v 2.603920 1.841248 0.124921
v 2.603920 1.808816 0.157352
v 2.603919 1.534986 0.124921
v 2.603920 1.567417 0.157352
v 2.135018 1.841248 -0.122769
v 2.135018 1.808816 -0.155200
v 2.135018 1.567417 -0.155200
v 2.135018 1.534986 -0.122769
v 2.135018 1.841248 0.124920
v 2.135019 1.808816 0.157352
v 2.135018 1.534986 0.124920
v 2.135018 1.567417 0.157352
v 2.106195 1.567417 0.124920
v 3.159292 1.808816 -0.122769
v 3.130468 1.808816 -0.155200
v 3.130468 1.841248 -0.122769
v 3.159291 1.567417 -0.122769
v 3.130468 1.534986 -0.122769
v 3.130468 1.567417 -0.155200
v 3.130468 1.841248 0.124920
v 3.130468 1.808816 0.157352
v 3.159291 1.808816 0.124921
v 3.130468 1.534986 0.124920
v 3.159292 1.567417 0.124921
v 3.130468 1.567417 0.157352
v 2.661567 1.841248 -0.122769
v 2.661566 1.808816 -0.155200
v 2.632743 1.808816 -0.122769
v 2.661567 1.567417 -0.155200
v 2.661566 1.534986 -0.122769
v 2.661566 1.841248 0.124920
v 2.632743 1.808816 0.124921
v 2.661567 1.808816 0.157352
v 2.661567 1.534986 0.124920
v 2.661566 1.567417 0.157352
v 2.632743 1.567417 0.124921
v 1.842921 2.115079 -0.122769
v 1.814097 2.115078 -0.155200
v 1.814097 2.147510 -0.122770
v 1.842921 1.873679 -0.122770
v 1.814097 1.841248 -0.122769
v 1.814097 1.873679 -0.155200
v 1.814097 2.147510 0.124920
v 1.814097 2.115078 0.157351
v 1.842920 2.115079 0.124920
v 1.814097 1.841248 0.124920
v 1.814097 1.873679 0.157351
v 1.345195 2.147510 -0.122770
v 1.345195 2.115079 -0.155200
v 1.345195 1.873679 -0.155200
v 1.345195 1.841248 -0.122769
v 1.345195 2.147510 0.124920
v 1.345195 2.115079 0.157351
v 1.345195 1.841248 0.124920
v 1.345195 1.873679 0.157351
v 2.340645 2.115078 -0.155200
v 2.340645 2.147510 -0.122769
v 2.369469 1.873679 -0.122770
v 2.340646 1.841248 -0.122769
v 2.340645 1.873679 -0.155200
v 2.340645 2.147510 0.124920
v 2.340645 2.115079 0.157351
v 2.340645 1.841248 0.124920
v 2.340646 1.873679 0.157352
v 1.871744 2.147510 -0.122770
v 1.871744 2.115079 -0.155200
v 1.871744 1.873679 -0.155200
v 1.871744 1.841248 -0.122769
v 1.871744 2.147510 0.124920
v 1.871744 2.115079 0.157351
v 1.871744 1.841248 0.124920
v 1.871744 1.873679 0.157352
v 1.842920 1.873679 0.124920
v 2.896018 2.115078 -0.122769
v 2.867194 2.115078 -0.155200
v 2.867194 2.147510 -0.122769
v 2.896017 1.873679 -0.122769
v 2.867195 1.841248 -0.122769
v 2.867194 1.873679 -0.155200
v 2.867194 2.147510 0.124920
v 2.867194 2.115079 0.157352
v 2.896017 2.115079 0.124921
v 2.867194 1.841248 0.124921
v 2.867195 1.873679 0.157352
v 2.398293 2.147510 -0.122770
v 2.398293 2.115079 -0.155200
v 2.369469 2.115078 -0.122769
v 2.398292 1.873679 -0.155200
v 2.398293 1.841248 -0.122769
v 2.398293 2.147510 0.124920
v 2.369469 2.115079 0.124920
v 2.398293 2.115078 0.157352
v 2.398293 1.841248 0.124920
v 2.398292 1.873679 0.157352
v 2.369469 1.873679 0.124920
v 2.924840 2.147510 -0.122769
v 2.924841 2.115079 -0.155200
v 2.924841 1.873679 -0.155200
v 2.924840 1.841248 -0.122769
v 2.924841 2.147510 0.124920
v 2.924841 2.115078 0.157352
v 2.924841 1.841248 0.124920
v 2.924840 1.873679 0.157352
v 2.896017 1.873679 0.124920
v 1.053097 2.179941 -0.122770
v 1.053098 2.421341 0.124920
v 1.053097 2.179941 0.124920
v 1.579647 2.421341 -0.122770
v 1.550823 2.421341 -0.155200
v 1.550823 2.453772 -0.122770
v 1.550823 2.147510 -0.122769
v 1.550823 2.179941 -0.155200
v 1.550823 2.453772 0.124920
v 1.550822 2.421341 0.157351
v 1.579646 2.421341 0.124920
v 1.550822 2.147510 0.124920
v 1.550823 2.179941 0.157351
v 1.081921 2.453772 -0.122770
v 1.081921 2.421341 -0.155200
v 1.053097 2.421341 -0.122770
v 1.081921 2.179941 -0.155200
v 1.081921 2.147510 -0.122770
v 1.081921 2.453772 0.124920
v 1.081921 2.421341 0.157351
v 1.081921 2.147510 0.124920
v 1.081921 2.179941 0.157351
v 2.077371 2.421340 -0.155200
v 2.077372 2.453772 -0.122769
v 2.106194 2.179941 -0.122769
v 2.077371 2.147510 -0.122769
v 2.077371 2.179941 -0.155200
v 2.077371 2.453772 0.124920
v 2.077371 2.421340 0.157351
v 2.106194 2.421341 0.124920
v 2.077371 2.147510 0.124920
v 2.077371 2.179941 0.157352
v 1.608470 2.453772 -0.122770
v 1.608470 2.421341 -0.155200
v 1.579646 2.179941 -0.122770
v 1.608470 2.179941 -0.155200
v 1.608470 2.147510 -0.122770
v 1.608470 2.453772 0.124920
v 1.608470 2.421341 0.157351
v 1.608470 2.147510 0.124920
v 1.608470 2.179941 0.157351
v 1.579646 2.179941 0.124920
v 2.603920 2.421341 -0.155200
v 2.603920 2.453772 -0.122769
v 2.603920 2.147510 -0.122769
v 2.603920 2.179941 -0.155200
v 2.603920 2.453772 0.124920
v 2.603920 2.421341 0.157351
v 2.603920 2.147510 0.124920
v 2.603920 2.179941 0.157351
v 2.135018 2.453772 -0.122770
v 2.135018 2.421341 -0.155200
v 2.106195 2.421340 -0.122770
v 2.135018 2.179941 -0.155200
v 2.135018 2.147510 -0.122769
v 2.135018 2.453772 0.124920
v 2.135018 2.421341 0.157352
v 2.135018 2.147510 0.124920
v 2.135018 2.179941 0.157351
v 2.106195 2.179941 0.124920
v 3.159291 2.421340 -0.122769
v 3.130468 2.421340 -0.155200
v 3.130468 2.453772 -0.122769
v 3.159291 2.179941 -0.122769
v 3.130468 2.147510 -0.122769
v 3.130468 2.179941 -0.155200
v 3.130468 2.453772 0.124921
v 3.130468 2.421340 0.157351
v 3.159291 2.421341 0.124920
v 3.130468 2.147510 0.124921
v 3.159292 2.179941 0.124920
v 3.130468 2.179941 0.157352
v 2.661566 2.453772 -0.122770
v 2.661566 2.421341 -0.155200
v 2.632743 2.421340 -0.122769
v 2.632743 2.179941 -0.122770
v 2.661567 2.179941 -0.155200
v 2.661566 2.147510 -0.122770
v 2.661566 2.453772 0.124920
v 2.632743 2.421340 0.124920
v 2.661567 2.421341 0.157351
v 2.661567 2.147510 0.124920
v 2.661566 2.179941 0.157351
v 2.632743 2.179941 0.124920
v 1.814097 2.727603 -0.155200
v 1.814097 2.760034 -0.122770
v 1.814097 2.453772 -0.122770
v 1.814097 2.486203 -0.155200
v 1.814097 2.760034 0.124920
v 1.814097 2.727603 0.157351
v 1.814097 2.453772 0.124920
v 1.842920 2.486203 0.124920
v 1.814097 2.486203 0.157351
v 1.345195 2.760034 -0.122770
v 1.345195 2.727603 -0.155200
v 1.345195 2.486203 -0.155200
v 1.345195 2.453772 -0.122770
v 1.345195 2.760034 0.124920
v 1.345195 2.727603 0.157351
v 1.345195 2.453772 0.124920
v 1.345195 2.486203 0.157351
v 2.369469 2.727602 -0.122769
v 2.340645 2.727603 -0.155200
v 2.340645 2.760034 -0.122770
v 2.369469 2.486203 -0.122770
v 2.340645 2.453772 -0.122770
v 2.340645 2.486203 -0.155200
v 2.340645 2.760034 0.124920
v 2.340645 2.727603 0.157351
v 2.340645 2.453772 0.124920
v 2.340645 2.486203 0.157351
v 1.871744 2.760034 -0.122770
v 1.871744 2.727603 -0.155200
v 1.842920 2.727603 -0.122770
v 1.842920 2.486203 -0.122770
v 1.871744 2.486203 -0.155200
v 1.871744 2.453772 -0.122770
v 1.871744 2.760034 0.124920
v 1.842920 2.727603 0.124920
v 1.871744 2.727603 0.157351
v 1.871744 2.453772 0.124920
v 1.871744 2.486203 0.157351
v 2.896018 2.727603 -0.122770
v 2.867194 2.727602 -0.155200
v 2.867194 2.760034 -0.122770
v 2.867194 2.453772 -0.122769
v 2.867194 2.486203 -0.155200
v 2.867194 2.760034 0.124920
v 2.867194 2.727603 0.157351
v 2.896018 2.727603 0.124920
v 2.867195 2.453772 0.124920
v 2.896017 2.486203 0.124920
v 2.867194 2.486203 0.157351
v 2.398293 2.760034 -0.122770
v 2.398292 2.727603 -0.155201
v 2.398292 2.486203 -0.155200
v 2.398292 2.453772 -0.122769
v 2.398292 2.760034 0.124920
v 2.369469 2.727603 0.124920
v 2.398293 2.727603 0.157351
v 2.398292 2.453772 0.124920
v 2.398292 2.486203 0.157351
v 2.369468 2.486203 0.124920
v 2.924840 2.760034 -0.122770
v 2.924841 2.727602 -0.155200
v 2.896017 2.486203 -0.122769
v 2.924841 2.486203 -0.155200
v 2.924840 2.453772 -0.122770
v 2.924841 2.760034 0.124920
v 2.924841 2.727603 0.157351
v 2.924840 2.453772 0.124920
v 2.924840 2.486203 0.157351
v 1.053097 3.033865 -0.122770
v 1.053097 2.792465 0.124920
v 1.550822 3.033865 -0.155200
v 1.550823 3.066296 -0.122770
v 1.579645 2.792465 -0.122770
v 1.550822 2.760034 -0.122770
v 1.550823 2.792465 -0.155200
v 1.550822 3.066296 0.124920
v 1.550822 3.033865 0.157351
v 1.550822 2.760034 0.124920
v 1.550822 2.792465 0.157351
v 1.081921 3.066297 -0.122770
v 1.081921 3.033865 -0.155200
v 1.053097 2.792465 -0.122770
v 1.081921 2.792465 -0.155200
v 1.081921 2.760034 -0.122770
v 1.081921 3.066297 0.124920
v 1.053097 3.033865 0.124920
v 1.081921 3.033865 0.157351
v 1.081921 2.760034 0.124920
v 1.081921 2.792465 0.157351
v 2.077371 3.033865 -0.155200
v 2.077371 3.066296 -0.122770
v 2.106194 2.792465 -0.122770
v 2.077371 2.760034 -0.122770
v 2.077371 2.792465 -0.155200
v 2.077371 3.066296 0.124920
v 2.077371 3.033865 0.157351
v 2.077371 2.760034 0.124920
v 2.077371 2.792465 0.157351
v 1.608470 3.066296 -0.122770
v 1.608470 3.033865 -0.155201
v 1.579646 3.033865 -0.122770
v 1.608470 2.792465 -0.155200
v 1.608470 2.760034 -0.122770
v 1.608470 3.066296 0.124920
v 1.579646 3.033865 0.124920
v 1.608470 3.033865 0.157351
v 1.608470 2.760034 0.124920
v 1.608470 2.792465 0.157351
v 1.579646 2.792465 0.124920
v 2.603920 3.033865 -0.155200
v 2.603920 3.066296 -0.122769
v 2.603920 2.760034 -0.122769
v 2.603920 2.792465 -0.155200
v 2.603920 3.066296 0.124920
v 2.603920 3.033865 0.157351
v 2.632743 3.033865 0.124920
v 2.603920 2.760034 0.124920
v 2.632743 2.792465 0.124920
v 2.603920 2.792466 0.157351
v 2.135018 3.066296 -0.122770
v 2.135018 3.033865 -0.155201
v 2.106195 3.033865 -0.122770
v 2.135018 2.792465 -0.155200
v 2.135017 2.760034 -0.122770
v 2.135017 3.066296 0.124920
v 2.106194 3.033865 0.124920
v 2.135018 3.033865 0.157351
v 2.135018 2.760034 0.124920
v 2.135017 2.792465 0.157351
v 2.106194 2.792465 0.124920
v 3.159291 3.033865 -0.122770
v 3.130468 3.033865 -0.155200
v 3.130468 3.066296 -0.122770
v 3.159291 2.792465 -0.122770
v 3.130468 2.760034 -0.122769
v 3.130468 2.792465 -0.155200
v 3.130468 3.066296 0.124920
v 3.130468 3.033865 0.157352
v 3.159292 3.033865 0.124920
v 3.130468 2.760034 0.124920
v 3.159291 2.792465 0.124920
v 3.130468 2.792465 0.157351
v 2.661566 3.066296 -0.122770
v 2.661566 3.033865 -0.155200
v 2.632743 3.033865 -0.122770
v 2.632742 2.792465 -0.122770
v 2.661567 2.792465 -0.155200
v 2.661566 2.760034 -0.122770
v 2.661566 3.066296 0.124920
v 2.661566 3.033865 0.157351
v 2.661566 2.760034 0.124920
v 2.661566 2.792465 0.157351
v 3.159292 2.727603 0.157351
v 3.159291 2.760034 0.124920
v 3.159292 2.486203 0.157351
v 3.159292 2.453772 0.124920
v 3.159292 2.760034 -0.122769
v 3.159292 2.727603 -0.155200
v 3.159292 2.486203 -0.155200
v 3.159292 2.453772 -0.122769
v 3.159292 2.115079 0.157352
v 3.159291 2.147510 0.124920
v 3.159292 1.873679 0.157352
v 3.159291 1.841248 0.124921
v 3.159292 2.147510 -0.122769
v 3.159291 2.115078 -0.155200
v 3.159292 1.873679 -0.155200
v 3.159291 1.841248 -0.122769
v 3.159292 1.502554 0.157352
v 3.159292 1.534986 0.124921
v 3.159292 1.261155 0.157352
v 3.159292 1.228724 0.124921
v 3.159292 1.534986 -0.122769
v 3.159292 1.502554 -0.155200
v 3.159292 1.261155 -0.155200
v 3.159292 1.228724 -0.122769
v 3.159292 0.890030 0.157352
v 3.159292 0.922461 0.124921
v 3.159292 0.648630 0.157352
v 3.159292 0.616199 0.124921
v 3.159292 0.922461 -0.122769
v 3.159292 0.890030 -0.155200
v 3.159292 0.648630 -0.155199
v 3.159292 0.616199 -0.122769
v 3.159292 0.277506 0.157352
v 3.159288 0.309937 0.124921
v 3.159292 0.036106 0.157352
v 3.159292 0.003675 0.124921
v 3.159292 0.309937 -0.122769
v 3.159292 0.277506 -0.155200
v 3.159292 0.036106 -0.155200
v 3.159292 0.003675 -0.122769
v -0.526549 2.732161 -0.031765
v -0.028823 2.973561 -0.064197
v -0.028823 3.005992 -0.031765
v 0.000000 2.732161 -0.031765
v -0.028823 2.699730 -0.031765
v -0.028823 2.732161 -0.064197
v -0.028823 3.005992 0.215924
v -0.028823 2.973561 0.248355
v -0.028823 2.699730 0.215924
v -0.028823 2.732161 0.248355
v -0.497725 3.005992 -0.031765
v -0.497724 2.973561 -0.064197
v -0.526549 2.973561 -0.031765
v -0.497725 2.732161 -0.064196
v -0.497724 2.699730 -0.031765
v -0.497725 3.005992 0.215924
v -0.526549 2.973561 0.215924
v -0.497725 2.973561 0.248355
v -0.497725 2.699730 0.215924
v -0.497725 2.732161 0.248356
v -0.526548 2.732161 0.215924
v 0.000000 2.973561 -0.031765
v 0.000000 2.973561 0.215924
v 0.000001 2.732161 0.215924
v -1.027593 3.033865 -0.106445
v -1.070603 2.792465 0.137481
v -0.531798 3.033865 -0.051954
v -0.537429 3.066296 -0.020016
v -0.509044 2.792465 -0.015011
v -0.537429 2.760034 -0.020016
v -0.531798 2.792465 -0.051954
v -0.580440 3.066297 0.223911
v -0.586072 3.033865 0.255849
v -0.580440 2.760034 0.223911
v -0.586072 2.792465 0.255849
v -0.999207 3.066296 -0.101440
v -0.993575 3.033865 -0.133378
v -1.027593 2.792465 -0.106445
v -0.993576 2.792465 -0.133378
v -0.999207 2.760034 -0.101440
v -1.042218 3.066296 0.142487
v -1.070603 3.033865 0.137481
v -1.047850 3.033865 0.174425
v -1.042218 2.760034 0.142487
v -1.047850 2.792466 0.174425
v -0.509044 3.033865 -0.015011
v -0.552054 3.033865 0.228915
v -0.552054 2.792465 0.228916
v -0.017506 2.792465 -0.015011
v 0.467026 3.033864 -0.133378
v 0.472657 3.066296 -0.101441
v 0.472658 2.760033 -0.101440
v 0.467026 2.792465 -0.133378
v 0.515668 3.066296 0.142486
v 0.521300 3.033864 0.174425
v 0.544054 3.033864 0.137481
v 0.515668 2.760034 0.142486
v 0.544054 2.792465 0.137481
v 0.521300 2.792465 0.174425
v 0.010879 3.066296 -0.020016
v 0.005248 3.033864 -0.051954
v -0.017506 3.033864 -0.015011
v 0.005248 2.792465 -0.051954
v 0.010879 2.760034 -0.020016
v 0.053890 3.066296 0.223910
v 0.025505 3.033864 0.228915
v 0.059522 3.033865 0.255849
v 0.053890 2.760034 0.223910
v 0.059522 2.792465 0.255849
v 0.025504 2.792465 0.228915
v 0.501043 3.033864 -0.106446
v 0.501043 2.792464 -0.106446
v 0.526548 3.033865 0.124920
v 0.526548 2.792465 0.124920
v 1.053097 3.033865 -0.122770
v 1.024274 3.033865 -0.155200
v 1.024274 3.066296 -0.122769
v 1.053097 2.792465 -0.122770
v 1.024274 2.760034 -0.122770
v 1.024273 2.792465 -0.155200
v 1.024274 3.066296 0.124920
v 1.024274 3.033865 0.157351
v 1.053097 3.033865 0.124920
v 1.024274 2.760034 0.124920
v 1.053097 2.792465 0.124920
v 1.024274 2.792465 0.157351
v 0.555372 3.066296 -0.122770
v 0.555372 3.033865 -0.155200
v 0.526548 3.033865 -0.122770
v 0.526549 2.792465 -0.122770
v 0.555372 2.792465 -0.155200
v 0.555372 2.760034 -0.122770
v 0.555372 3.066296 0.124920
v 0.555372 3.033865 0.157351
v 0.555372 2.760034 0.124920
v 0.555372 2.792465 0.157351
v -0.771050 2.687293 0.011816
v -0.771050 2.687293 0.259505
v -0.277911 2.619880 -0.020616
v -0.273518 2.652012 0.011816
v -0.314999 2.348572 0.011816
v -0.310607 2.380705 -0.020616
v -0.273519 2.652012 0.259505
v -0.277911 2.619880 0.291936
v -0.314999 2.348573 0.259505
v -0.282049 2.376801 0.259505
v -0.310607 2.380705 0.291936
v -0.738099 2.715521 0.011816
v -0.742492 2.683389 -0.020616
v -0.803746 2.448118 0.011816
v -0.775188 2.444214 -0.020616
v -0.779580 2.412081 0.011816
v -0.738099 2.715522 0.259505
v -0.742492 2.683389 0.291936
v -0.779580 2.412082 0.259505
v -0.775188 2.444214 0.291936
v -0.803745 2.448118 0.259505
v -0.249354 2.615976 0.011816
v -0.282049 2.376801 0.011816
v -0.249354 2.615976 0.259505
v -0.221252 2.345151 0.374342
v 0.221250 2.718942 0.126653
v 0.193483 2.711211 0.094221
v 0.184784 2.742454 0.126653
v 0.286001 2.486389 0.126653
v 0.266933 2.447415 0.126653
v 0.258234 2.478657 0.094221
v 0.184784 2.742453 0.374342
v 0.193483 2.711211 0.406773
v 0.266933 2.447415 0.374342
v 0.258234 2.478657 0.406773
v -0.266934 2.616679 0.126653
v -0.258235 2.585436 0.094221
v -0.286003 2.577705 0.126653
v -0.221252 2.345151 0.126653
v -0.193484 2.352883 0.094221
v -0.184785 2.321640 0.126653
v -0.266934 2.616679 0.374342
v -0.286003 2.577705 0.374342
v -0.258235 2.585436 0.406773
v -0.184785 2.321640 0.374342
v -0.193484 2.352883 0.406773
v 0.221250 2.718942 0.374342
v 0.286002 2.486389 0.374342
v 0.244678 2.727603 0.046572
v 0.244677 2.486203 0.046572
v 0.761825 2.727603 -0.052484
v 0.727415 2.727603 -0.078913
v 0.733516 2.760034 -0.047061
v 0.733516 2.453772 -0.047061
v 0.727415 2.486203 -0.078913
v 0.780112 2.760034 0.196206
v 0.786213 2.727603 0.228058
v 0.808421 2.727603 0.190784
v 0.780112 2.453772 0.196206
v 0.808421 2.486203 0.190784
v 0.786213 2.486203 0.228058
v 0.272986 2.760034 0.041149
v 0.266885 2.727603 0.009297
v 0.266885 2.486203 0.009297
v 0.272986 2.453772 0.041149
v 0.319582 2.760034 0.284416
v 0.291273 2.727603 0.289839
v 0.325683 2.727603 0.316269
v 0.319582 2.453772 0.284416
v 0.325683 2.486203 0.316269
v 0.291273 2.486203 0.289839
v 0.761825 2.486203 -0.052483
v -1.606809 0.583768 0.104740
v -1.606809 0.342369 0.104740
v -1.025936 0.583768 0.139246
v -1.035724 0.583768 0.096976
v -1.051245 0.616200 0.125452
v -1.025936 0.342369 0.139246
v -1.051245 0.309937 0.125452
v -1.035724 0.342369 0.096976
v -1.169781 0.616200 0.342936
v -1.185302 0.583768 0.371412
v -1.144473 0.583768 0.356730
v -1.169781 0.309938 0.342936
v -1.144473 0.342369 0.356730
v -1.185302 0.342369 0.371412
v -1.462964 0.616200 -0.098950
v -1.447443 0.583768 -0.127426
v -1.488272 0.583768 -0.112744
v -1.488272 0.342369 -0.112744
v -1.447443 0.342369 -0.127426
v -1.462964 0.309937 -0.098950
v -1.581500 0.616200 0.118534
v -1.597021 0.583768 0.147010
v -1.581501 0.309937 0.118534
v -1.597021 0.342369 0.147010
v -1.025937 2.421341 0.139246
v -1.035725 2.421341 0.096975
v -1.051245 2.453772 0.125451
v -1.025937 2.179942 0.139246
v -1.051245 2.147511 0.125452
v -1.035725 2.179942 0.096976
v -1.169782 2.453772 0.342935
v -1.185303 2.421341 0.371411
v -1.144473 2.421341 0.356729
v -1.169782 2.147511 0.342935
v -1.144473 2.179942 0.356729
v -1.185303 2.179942 0.371411
v -1.462964 2.453772 -0.098951
v -1.447443 2.421341 -0.127426
v -1.488273 2.421341 -0.112745
v -1.488273 2.179941 -0.112745
v -1.447443 2.179942 -0.127426
v -1.462964 2.147510 -0.098951
v -1.581501 2.453773 0.118533
v -1.606809 2.421341 0.104739
v -1.597021 2.421341 0.147009
v -1.581501 2.147511 0.118533
v -1.597021 2.179942 0.147009
v -1.606809 2.179941 0.104739
v -1.408190 1.565919 -0.092290
v -1.111077 1.759922 0.365546
v -1.098810 1.761082 0.323944
v -1.123579 1.794730 0.342860
v -1.130973 1.519672 0.352979
v -1.148821 1.489927 0.326917
v -1.118705 1.520832 0.311377
v -1.333170 1.805205 0.474435
v -1.363286 1.774300 0.489975
v -1.320668 1.770396 0.497121
v -1.358412 1.500401 0.458492
v -1.340564 1.530147 0.484555
v -1.383182 1.534050 0.477408
v -1.370447 1.835915 -0.053662
v -1.345677 1.802266 -0.072578
v -1.388295 1.806169 -0.079725
v -1.365573 1.562016 -0.085144
v -1.395688 1.531111 -0.069604
v -1.580037 1.846389 0.077914
v -1.597885 1.816644 0.051851
v -1.610153 1.815484 0.093453
v -1.605279 1.541586 0.061971
v -1.630049 1.575234 0.080887
v -1.617781 1.576394 0.039285
v -1.478749 1.217182 -0.050256
v -0.974099 1.149585 0.083957
v -0.993384 1.153324 0.045270
v -0.997710 1.185449 0.077717
v -1.003974 0.910184 0.075715
v -1.035613 0.881721 0.067261
v -1.023259 0.913922 0.037028
v -1.061407 1.185157 0.317076
v -1.073761 1.152956 0.347309
v -1.037796 1.149294 0.323315
v -1.099310 0.881429 0.306619
v -1.067672 0.909892 0.315074
v -1.103636 0.913554 0.339067
v -1.447110 1.245644 -0.041802
v -1.442784 1.213520 -0.074249
v -1.508624 0.977780 -0.058498
v -1.472659 0.974118 -0.082491
v -1.485013 0.941917 -0.052258
v -1.510807 1.245353 0.197557
v -1.542446 1.216890 0.189103
v -1.523161 1.213152 0.227790
v -1.548710 0.941625 0.187101
v -1.553036 0.973750 0.219548
v -1.572321 0.977488 0.180861
v -1.795168 0.277506 -0.181055
v -1.795168 0.036106 -0.181055
v -1.311229 0.277506 -0.060287
v -1.321111 0.309937 -0.029398
v -1.321111 0.003675 -0.029398
v -1.311229 0.036106 -0.060287
v -1.396582 0.309937 0.206513
v -1.406464 0.277506 0.237402
v -1.396582 0.003675 0.206513
v -1.406464 0.036106 0.237402
v -1.767715 0.309937 -0.172273
v -1.757833 0.277506 -0.203162
v -1.757833 0.036106 -0.203161
v -1.767715 0.003675 -0.172273
v -1.843186 0.309937 0.063638
v -1.870639 0.277506 0.054856
v -1.853068 0.277506 0.094528
v -1.843186 0.003675 0.063638
v -1.853068 0.036106 0.094528
v -1.870639 0.036106 0.054856
v -1.795168 0.890030 -0.181055
v -1.795168 0.648630 -0.181055
v -1.870639 0.648630 0.054856
v -1.311229 0.890030 -0.060288
v -1.321111 0.922461 -0.029398
v -1.321111 0.616199 -0.029398
v -1.311229 0.648630 -0.060288
v -1.396582 0.922461 0.206513
v -1.406464 0.890030 0.237402
v -1.396582 0.616199 0.206513
v -1.406464 0.648630 0.237402
v -1.767715 0.922461 -0.172273
v -1.757833 0.890030 -0.203162
v -1.757833 0.648630 -0.203162
v -1.767715 0.616199 -0.172273
v -1.843186 0.922461 0.063638
v -1.870639 0.890030 0.054856
v -1.853068 0.890030 0.094527
v -1.843186 0.616199 0.063638
v -1.853068 0.648630 0.094527
v -1.795168 1.502554 -0.181056
v -1.870639 1.502554 0.054855
v -1.870639 1.261155 0.054856
v -1.311229 1.502554 -0.060288
v -1.321111 1.534986 -0.029398
v -1.321111 1.228724 -0.029398
v -1.311229 1.261155 -0.060288
v -1.396582 1.534986 0.206513
v -1.406464 1.502554 0.237402
v -1.396582 1.228724 0.206513
v -1.406464 1.261155 0.237402
v -1.767715 1.534986 -0.172273
v -1.757833 1.502554 -0.203162
v -1.795168 1.261155 -0.181056
v -1.757833 1.261155 -0.203162
v -1.767715 1.228724 -0.172273
v -1.843186 1.534986 0.063638
v -1.853068 1.502554 0.094527
v -1.843186 1.228724 0.063638
v -1.853068 1.261155 0.094527
v -1.795168 1.873679 -0.181056
v -1.311229 2.115078 -0.060288
v -1.321111 2.147510 -0.029399
v -1.321111 1.841248 -0.029399
v -1.311229 1.873679 -0.060288
v -1.396582 2.147510 0.206512
v -1.406464 2.115079 0.237401
v -1.396582 1.841248 0.206512
v -1.406464 1.873679 0.237401
v -1.767715 2.147510 -0.172274
v -1.757833 2.115079 -0.203162
v -1.795168 2.115079 -0.181056
v -1.757834 1.873679 -0.203162
v -1.767715 1.841248 -0.172274
v -1.843186 2.147510 0.063638
v -1.870639 2.115079 0.054855
v -1.853068 2.115079 0.094527
v -1.843187 1.841248 0.063638
v -1.853068 1.873679 0.094527
v -1.870640 1.873679 0.054855
v 0.879307 0.036204 0.801725
v 1.300691 0.277603 0.400428
v 1.263101 0.277603 0.378759
v 1.273342 0.310034 0.409530
v 1.300691 0.036203 0.400428
v 1.273342 0.003772 0.409530
v 1.263101 0.036203 0.378759
v 1.351562 0.310034 0.644544
v 1.361804 0.277603 0.675316
v 1.351563 0.003772 0.644544
v 1.361804 0.036203 0.675316
v 0.828436 0.310034 0.557608
v 0.818195 0.277603 0.526837
v 0.801088 0.277603 0.566711
v 0.801088 0.036203 0.566711
v 0.818195 0.036203 0.526837
v 0.828436 0.003772 0.557608
v 0.906656 0.310034 0.792623
v 0.879308 0.277603 0.801725
v 0.916897 0.277603 0.823394
v 0.906656 0.003772 0.792623
v 0.916898 0.036204 0.823395
v 1.378911 0.277603 0.635442
v 1.378911 0.036203 0.635442
v 1.945620 0.036203 0.562121
v 1.434379 0.277603 0.840034
v 1.465041 0.277603 0.870733
v 1.463153 0.310034 0.838357
v 1.434379 0.036203 0.840034
v 1.463153 0.003772 0.838357
v 1.465041 0.036203 0.870733
v 1.448739 0.310034 0.591088
v 1.446851 0.277603 0.558711
v 1.448739 0.003772 0.591088
v 1.446851 0.036203 0.558711
v 1.931260 0.310034 0.811068
v 1.933149 0.277603 0.843444
v 1.960035 0.277603 0.809390
v 1.960035 0.036203 0.809391
v 1.933148 0.036203 0.843445
v 1.931260 0.003772 0.811068
v 1.916845 0.310034 0.563798
v 1.945620 0.277603 0.562121
v 1.914958 0.277603 0.531422
v 1.916845 0.003772 0.563799
v 1.914958 0.036203 0.531422
v 1.419963 0.277603 0.592765
v 1.419964 0.036203 0.592765
v 0.699902 0.036203 0.978845
v 1.280097 0.277603 1.023311
v 1.271035 0.277603 0.980879
v 1.255029 0.310034 1.009085
v 1.280097 0.036203 1.023311
v 1.255029 0.003772 1.009085
v 1.271036 0.036203 0.980879
v 1.132779 0.310034 1.224503
v 1.116772 0.277603 1.252709
v 1.132779 0.003772 1.224503
v 1.116773 0.036204 1.252709
v 0.847221 0.310034 0.777653
v 0.863227 0.277603 0.749447
v 0.822152 0.277603 0.763427
v 0.822152 0.036203 0.763427
v 0.863227 0.036203 0.749448
v 0.847220 0.003772 0.777653
v 0.724971 0.310034 0.993071
v 0.699902 0.277603 0.978845
v 0.708964 0.277603 1.021277
v 0.724970 0.003772 0.993071
v 0.708964 0.036203 1.021277
v 1.157848 0.277603 1.238729
v 1.157848 0.036204 1.238729
v 1.509063 0.036203 1.480541
v 1.670933 0.277603 0.921612
v 1.627545 0.277603 0.921829
v 1.651893 0.310034 0.943252
v 1.670934 0.036203 0.921613
v 1.651894 0.003772 0.943252
v 1.627545 0.036203 0.921829
v 1.837849 0.310034 1.106869
v 1.862197 0.277603 1.128293
v 1.837848 0.003772 1.106869
v 1.862196 0.036203 1.128293
v 1.342148 0.310034 1.295284
v 1.317801 0.277603 1.273861
v 1.323108 0.277603 1.316923
v 1.323108 0.036203 1.316923
v 1.317800 0.036203 1.273861
v 1.342148 0.003772 1.295284
v 1.528103 0.310034 1.458901
v 1.509063 0.277603 1.480541
v 1.552452 0.277603 1.480325
v 1.528103 0.003772 1.458901
v 1.552451 0.036203 1.480325
v 1.856889 0.277603 1.085230
v 1.856889 0.036203 1.085230
v 0.983732 0.029988 1.502994
v 0.776262 0.543819 1.203310
v 0.740881 0.519685 1.210262
v 0.759209 0.545872 1.243154
v 0.860857 0.376123 1.051667
v 0.866535 0.333116 1.050767
v 0.825477 0.351988 1.058619
v 0.985985 0.573807 1.338771
v 1.027043 0.554935 1.330918
v 1.093310 0.361052 1.146383
v 1.111638 0.387239 1.179275
v 0.666684 0.212755 1.559921
v 0.648356 0.186568 1.527029
v 0.672361 0.169749 1.559020
v 0.756956 0.002053 1.407378
v 0.732951 0.018872 1.375387
v 0.774009 0.000000 1.367533
v 0.893459 0.240691 1.655537
v 0.899137 0.197684 1.654636
v 0.934518 0.221819 1.647684
v 1.000785 0.027935 1.463150
v 1.019113 0.054122 1.496042
v 1.003038 0.571754 1.298926
v 1.087632 0.404058 1.147284
v 0.960102 0.583768 -0.013666
v 0.960102 0.342368 -0.013666
v 0.484940 0.583768 0.322228
v 0.518987 0.583768 0.349123
v 0.513320 0.616199 0.317191
v 0.484940 0.342368 0.322228
v 0.513320 0.309937 0.317191
v 0.518987 0.342368 0.349123
v 0.470035 0.616199 0.073313
v 0.464368 0.583768 0.041381
v 0.441656 0.583768 0.078349
v 0.470035 0.309937 0.073313
v 0.441656 0.342368 0.078350
v 0.464368 0.342368 0.041381
v 0.975006 0.616199 0.235249
v 0.980673 0.583768 0.267181
v 1.003386 0.583768 0.230212
v 1.003386 0.342368 0.230212
v 0.980674 0.342368 0.267181
v 0.975006 0.309937 0.235249
v 0.931721 0.616199 -0.008629
v 0.926054 0.583768 -0.040562
v 0.931722 0.309937 -0.008629
v 0.926054 0.342368 -0.040561
v 0.484941 2.421341 0.322227
v 0.518988 2.421340 0.349122
v 0.513320 2.453772 0.317190
v 0.484941 2.179941 0.322227
v 0.513320 2.147510 0.317190
v 0.518988 2.179941 0.349122
v 0.470036 2.453772 0.073312
v 0.464368 2.421341 0.041380
v 0.441656 2.421340 0.078349
v 0.470036 2.147510 0.073312
v 0.441656 2.179941 0.078349
v 0.464369 2.179941 0.041380
v 0.975007 2.453772 0.235248
v 0.980674 2.421340 0.267180
v 1.003387 2.421340 0.230211
v 1.003386 2.179941 0.230212
v 0.980674 2.179941 0.267181
v 0.975007 2.147510 0.235248
v 0.931722 2.453772 -0.008630
v 0.960103 2.421340 -0.013666
v 0.926055 2.421340 -0.040562
v 0.931722 2.147510 -0.008630
v 0.926055 2.179941 -0.040562
v 0.960103 2.179941 -0.013666
v 0.956915 1.217181 0.187360
v 0.478995 1.149585 0.397780
v 0.518221 1.153324 0.415945
v 0.501331 1.185448 0.387904
v 0.507473 0.910183 0.385555
v 0.537461 0.881721 0.372394
v 0.546699 0.913922 0.403720
v 0.401558 1.185157 0.161199
v 0.392320 1.152956 0.129873
v 0.379222 1.149294 0.171075
v 0.437688 0.881429 0.145689
v 0.407700 0.909892 0.158850
v 0.420797 0.913554 0.117648
v 0.926928 1.245644 0.200521
v 0.943817 1.213519 0.228562
v 0.985393 0.977780 0.175135
v 0.972295 0.974117 0.216337
v 0.963058 0.941917 0.185011
v 0.827155 1.245352 -0.026184
v 0.857142 1.216890 -0.039345
v 0.817917 1.213151 -0.057511
v 0.863285 0.941625 -0.041694
v 0.846395 0.973749 -0.069736
v 0.885620 0.977488 -0.051570
v 1.285713 0.277506 0.091855
v 1.285713 0.036106 0.091855
v 0.832364 0.277506 0.299837
v 0.820786 0.309937 0.269543
v 0.820786 0.003675 0.269543
v 0.832365 0.036106 0.299838
v 0.732361 0.309937 0.038176
v 0.720783 0.277506 0.007881
v 0.732361 0.003675 0.038176
v 0.720783 0.036106 0.007881
v 1.258790 0.309937 0.102145
v 1.270367 0.277506 0.132439
v 1.270368 0.036106 0.132439
v 1.258789 0.003675 0.102145
v 1.170364 0.309937 -0.129222
v 1.197289 0.277506 -0.139512
v 1.158786 0.277506 -0.159517
v 1.170364 0.003675 -0.129222
v 1.158786 0.036106 -0.159517
v 1.197288 0.036106 -0.139512
v 1.285714 0.890030 0.091855
v 1.285713 0.648630 0.091855
v 1.197289 0.648630 -0.139512
v 0.832365 0.890030 0.299837
v 0.820787 0.922461 0.269543
v 0.820786 0.616199 0.269543
v 0.832365 0.648630 0.299837
v 0.732361 0.922461 0.038175
v 0.720784 0.890030 0.007881
v 0.732361 0.616199 0.038176
v 0.720783 0.648630 0.007881
v 1.258790 0.922461 0.102145
v 1.270367 0.890030 0.132439
v 1.270367 0.648630 0.132439
v 1.258789 0.616199 0.102145
v 1.170364 0.922461 -0.129223
v 1.197288 0.890030 -0.139512
v 1.158786 0.890030 -0.159517
v 1.170364 0.616199 -0.129222
v 1.158786 0.648630 -0.159517
v 1.285714 1.502554 0.091854
v 1.197288 1.502554 -0.139513
v 1.197289 1.261154 -0.139513
v 0.832365 1.502554 0.299837
v 0.820787 1.534986 0.269543
v 0.820787 1.228724 0.269543
v 0.832365 1.261155 0.299837
v 0.732362 1.534986 0.038175
v 0.720783 1.502554 0.007881
v 0.732362 1.228723 0.038175
v 0.720784 1.261155 0.007881
v 1.258790 1.534986 0.102145
v 1.270367 1.502554 0.132439
v 1.285714 1.261155 0.091855
v 1.270367 1.261154 0.132439
v 1.258790 1.228723 0.102145
v 1.170364 1.534986 -0.129223
v 1.158786 1.502554 -0.159517
v 1.170364 1.228724 -0.129223
v 1.158786 1.261154 -0.159517
v 1.285714 1.873679 0.091854
v 0.832365 2.115079 0.299837
v 0.820787 2.147510 0.269542
v 0.820787 1.841248 0.269543
v 0.832365 1.873679 0.299837
v 0.732362 2.147510 0.038175
v 0.720784 2.115078 0.007881
v 0.732362 1.841248 0.038175
v 0.720784 1.873679 0.007881
v 1.258790 2.147510 0.102145
v 1.270368 2.115078 0.132439
v 1.285714 2.115078 0.091854
v 1.270368 1.873679 0.132439
v 1.258790 1.841248 0.102145
v 1.170364 2.147510 -0.129223
v 1.197288 2.115078 -0.139513
v 1.158787 2.115078 -0.159517
v 1.170365 1.841248 -0.129223
v 1.158786 1.873679 -0.159517
v 1.197289 1.873679 -0.139513
v 1.475480 0.583767 -0.247937
v 1.487135 0.616199 -0.217673
v 1.487135 0.309937 -0.217673
v 1.475480 0.342368 -0.247937
v 1.576147 0.616199 0.013470
v 1.587801 0.583768 0.043735
v 1.576147 0.309937 0.013470
v 1.587801 0.342368 0.043735
v 1.049558 0.616199 -0.049164
v 1.037903 0.583768 -0.079429
v 1.022660 0.583768 -0.038806
v 1.022660 0.342368 -0.038806
v 1.037903 0.342368 -0.079429
v 1.049558 0.309937 -0.049164
v 1.138569 0.616199 0.181979
v 1.111672 0.583768 0.192337
v 1.150225 0.583768 0.212243
v 1.138569 0.309937 0.181979
v 1.150224 0.342368 0.212243
v 1.111672 0.342368 0.192337
v 1.022660 1.196292 -0.038806
v 1.022660 0.954892 -0.038806
v 1.111672 1.196292 0.192337
v 1.475480 1.196292 -0.247937
v 1.487135 1.228723 -0.217673
v 1.487135 0.922461 -0.217673
v 1.475480 0.954892 -0.247937
v 1.576147 1.228723 0.013470
v 1.587802 1.196292 0.043735
v 1.576147 0.922461 0.013470
v 1.587801 0.954892 0.043735
v 1.049558 1.228723 -0.049164
v 1.037903 1.196292 -0.079429
v 1.037903 0.954892 -0.079429
v 1.049558 0.922461 -0.049164
v 1.138569 1.228723 0.181979
v 1.150225 1.196292 0.212243
v 1.138570 0.922461 0.181979
v 1.150224 0.954892 0.212243
v 1.111672 0.954892 0.192337
v 1.022659 1.567417 -0.038806
v 1.111672 1.808816 0.192336
v 1.475480 1.808816 -0.247937
v 1.487135 1.841247 -0.217673
v 1.487135 1.534985 -0.217673
v 1.475480 1.567416 -0.247937
v 1.576147 1.841248 0.013470
v 1.587802 1.808816 0.043734
v 1.576146 1.534985 0.013470
v 1.587801 1.567416 0.043734
v 1.049558 1.841247 -0.049164
v 1.037903 1.808816 -0.079429
v 1.022660 1.808816 -0.038806
v 1.037903 1.567417 -0.079429
v 1.049558 1.534985 -0.049164
v 1.138569 1.841247 0.181978
v 1.150225 1.808816 0.212243
v 1.138569 1.534985 0.181979
v 1.150225 1.567417 0.212243
v 1.111672 1.567417 0.192337
v -0.791371 0.036204 1.275545
v -1.255820 0.277604 0.924988
v -1.271091 0.277604 0.965600
v -1.242393 0.310035 0.950494
v -1.255820 0.036204 0.924988
v -1.242394 0.003773 0.950494
v -1.271091 0.036204 0.965600
v -1.023218 0.310035 0.835117
v -0.994519 0.277603 0.820010
v -1.023218 0.003773 0.835117
v -0.994520 0.036204 0.820010
v -1.023973 0.310035 1.365416
v -1.052671 0.277604 1.380523
v -1.010547 0.277604 1.390922
v -1.010547 0.036204 1.390922
v -1.052671 0.036204 1.380523
v -1.023973 0.003773 1.365416
v -0.804797 0.310035 1.250040
v -0.791371 0.277604 1.275545
v -0.776099 0.277604 1.234933
v -0.804797 0.003773 1.250040
v -0.776099 0.036204 1.234933
v -1.036644 0.277603 0.809611
v -1.036644 0.036204 0.809611
v -1.685932 0.036203 0.313654
v -1.486493 0.277603 0.860305
v -1.451606 0.277603 0.834508
v -1.483906 0.310034 0.831598
v -1.486493 0.036203 0.860305
v -1.483906 0.003772 0.831598
v -1.451606 0.036203 0.834508
v -1.730596 0.310034 0.809371
v -1.762897 0.277603 0.806460
v -1.730596 0.003772 0.809371
v -1.762897 0.036203 0.806461
v -1.441828 0.310034 0.364588
v -1.409528 0.277603 0.367498
v -1.439242 0.277603 0.335881
v -1.439242 0.036203 0.335881
v -1.409528 0.036203 0.367498
v -1.441828 0.003772 0.364588
v -1.688518 0.310034 0.342361
v -1.685932 0.277603 0.313654
v -1.720819 0.277603 0.339451
v -1.688518 0.003772 0.342361
v -1.720819 0.036203 0.339451
v -1.733183 0.277603 0.838078
v -1.733183 0.036203 0.838078
v -1.488535 0.350575 1.207999
v -0.912697 0.591975 1.124250
v -0.930836 0.591975 1.084835
v -0.940273 0.624406 1.115863
v -0.912697 0.350575 1.124250
v -0.940273 0.318144 1.115863
v -0.930836 0.350575 1.084835
v -1.012349 0.624406 1.352833
v -1.021786 0.591975 1.383861
v -1.012349 0.318144 1.352833
v -1.021786 0.350575 1.383861
v -1.388883 0.624406 0.979416
v -1.379446 0.591975 0.948388
v -1.416459 0.591975 0.971028
v -1.416460 0.350575 0.971029
v -1.379446 0.350575 0.948388
v -1.388883 0.318144 0.979416
v -1.460959 0.624406 1.216387
v -1.488535 0.591975 1.207999
v -1.470396 0.591975 1.247414
v -1.460959 0.318144 1.216387
v -1.470396 0.350575 1.247414
v -0.984772 0.591975 1.361221
v -0.984773 0.350575 1.361221
v -1.168105 0.036204 0.483123
v -0.658046 0.277604 0.763199
v -0.648778 0.277604 0.720812
v -0.675003 0.310035 0.739891
v -0.658046 0.036204 0.763199
v -0.675003 0.003773 0.739891
v -0.648778 0.036204 0.720812
v -0.875296 0.310035 0.885606
v -0.901521 0.277604 0.904685
v -0.875296 0.003773 0.885606
v -0.901522 0.036204 0.904685
v -0.950856 0.310035 0.360716
v -0.924631 0.277603 0.341637
v -0.967813 0.277603 0.337408
v -0.967813 0.036204 0.337408
v -0.924631 0.036204 0.341637
v -0.950856 0.003773 0.360716
v -1.151148 0.310035 0.506430
v -1.168106 0.277604 0.483123
v -1.177374 0.277604 0.525510
v -1.151149 0.003773 0.506431
v -1.177374 0.036204 0.525510
v -0.858339 0.277604 0.908914
v -0.858339 0.036204 0.908914
v -1.824348 0.036204 1.188870
v -1.242645 0.277603 1.173884
v -1.255989 0.277603 1.132599
v -1.269034 0.310035 1.162291
v -1.242645 0.036204 1.173884
v -1.269034 0.003773 1.162291
v -1.255990 0.036204 1.132599
v -1.368658 0.310035 1.389062
v -1.381702 0.277603 1.418754
v -1.368658 0.003773 1.389062
v -1.381702 0.036204 1.418754
v -1.698335 0.310034 0.973692
v -1.685290 0.277603 0.944000
v -1.724724 0.277603 0.962099
v -1.724724 0.036204 0.962099
v -1.685290 0.036204 0.944000
v -1.698335 0.003772 0.973692
v -1.797958 0.310035 1.200463
v -1.824348 0.277603 1.188870
v -1.811003 0.277603 1.230155
v -1.797959 0.003773 1.200463
v -1.811003 0.036204 1.230156
v -1.342268 0.277603 1.400655
v -1.342269 0.036204 1.400655
v -2.004828 0.029988 0.695004
v -1.782041 0.543819 0.406524
v -1.799381 0.519684 0.374910
v -1.825179 0.545871 0.402337
v -1.611902 0.376122 0.441226
v -1.609324 0.333116 0.446365
v -1.629241 0.351988 0.409612
v -1.847633 0.573807 0.647420
v -1.827716 0.554935 0.684172
v -1.631778 0.361051 0.691447
v -1.657576 0.387239 0.718875
v -2.155091 0.212755 0.410081
v -2.129293 0.186568 0.382653
v -2.152513 0.169749 0.415219
v -1.982373 0.002052 0.449921
v -1.959154 0.018872 0.417355
v -1.939236 0.000000 0.454108
v -2.177545 0.240690 0.655163
v -2.174968 0.197684 0.660301
v -2.157628 0.221819 0.691915
v -1.961691 0.027935 0.699190
v -1.987488 0.054122 0.726618
v -1.804496 0.571754 0.651606
v -1.634356 0.404058 0.686309
v -1.291361 2.714544 -0.084006
v -1.332682 2.717497 0.160195
v -0.795858 2.689417 -0.032753
v -0.799614 2.722193 -0.000891
v -0.815233 2.416331 0.000166
v -0.808169 2.448333 -0.031921
v -0.840934 2.725147 0.243309
v -0.847998 2.693145 0.275396
v -0.856553 2.419285 0.244366
v -0.826518 2.450241 0.249074
v -0.860310 2.452060 0.276229
v -1.261326 2.745500 -0.079297
v -1.257570 2.712724 -0.111160
v -1.303672 2.473459 -0.083172
v -1.269881 2.471640 -0.110327
v -1.276945 2.439638 -0.078241
v -1.302646 2.748454 0.164903
v -1.309710 2.716452 0.196989
v -1.318265 2.442592 0.165960
v -1.322021 2.475367 0.197822
v -1.344993 2.476413 0.161028
v -0.772886 2.688371 0.004041
v -0.785198 2.447287 0.004874
v -0.814206 2.691325 0.248241
v 0.763610 2.727602 -0.080334
v 0.763609 2.486203 -0.080334
v 1.283756 2.727602 -0.162192
v 1.250241 2.727602 -0.189748
v 1.255283 2.760034 -0.157711
v 1.255283 2.453772 -0.157710
v 1.250242 2.486202 -0.189748
v 1.293790 2.760034 0.086967
v 1.298831 2.727602 0.119004
v 1.322262 2.727602 0.082486
v 1.293790 2.453772 0.086967
v 1.322262 2.486203 0.082486
v 1.298832 2.486203 0.119004
v 0.792082 2.760034 -0.084814
v 0.787041 2.727602 -0.116851
v 0.787041 2.486203 -0.116851
v 0.792082 2.453772 -0.084814
v 0.830589 2.760034 0.159863
v 0.802116 2.727603 0.164344
v 0.835631 2.727602 0.191900
v 0.830588 2.453772 0.159863
v 0.835630 2.486203 0.191900
v 0.802116 2.486203 0.164344
v 1.283756 2.486203 -0.162192
v -1.550823 3.066296 -0.012968
v -1.550823 0.003675 -0.012967
v -3.159292 3.066296 -0.012968
v -3.159292 0.003675 -0.012967
v 3.159292 3.066296 -0.012967
v 3.159293 0.003674 -0.012966
v 1.550823 3.066296 -0.012968
v 1.550823 0.003674 -0.012967
v 3.159292 3.066296 -0.027992
v 3.159293 0.003674 -0.027991
v 1.550823 3.066296 -0.027992
v 1.550823 0.003674 -0.027991
v -1.550823 3.066296 -0.027993
v -1.550823 0.003675 -0.027992
v -3.159293 3.066296 -0.027993
v -3.159293 0.003675 -0.027992
vn -0.0969 0.9952 0.0108
vn 0.3290 0.0423 -0.9434
vn -0.3290 -0.0423 0.9434
vn 0.0969 -0.9952 -0.0108
vn -0.8205 0.4726 0.3216
vn -0.7133 -0.6288 0.3096
vn -0.4564 0.5194 -0.7224
vn -0.3492 -0.5820 -0.7344
vn 0.3492 0.5820 0.7344
vn 0.4564 -0.5194 0.7224
vn 0.7133 0.6288 -0.3096
vn 0.8205 -0.4726 -0.3216
vn 0.1641 0.7336 -0.6594
vn 0.3011 -0.6738 -0.6747
vn -0.9207 -0.0937 0.3789
vn -0.3011 0.6738 0.6747
vn 0.9207 0.0937 -0.3789
vn 0.7665 -0.5955 0.2406
vn -0.1641 -0.7336 0.6594
vn -0.4836 -0.0376 -0.8745
vn 0.4836 0.0376 0.8745
vn -0.7665 0.5955 -0.2406
vn -0.6378 -0.7268 -0.2550
vn 0.6378 0.7268 0.2550
vn -0.9394 -0.0878 -0.3315
vn 0.9394 0.0878 0.3315
vn -0.0000 -0.0000 -1.0000
vn -0.0000 -1.0000 -0.0000
vn 0.6226 0.5533 -0.5533
vn 0.6226 -0.5533 -0.5533
vn 0.6226 0.5533 0.5533
vn 0.6226 -0.5533 0.5533
vn -0.0000 0.7071 0.7071
vn 0.7475 -0.0000 -0.6643
vn -0.0000 0.7071 -0.7071
vn -0.0000 -0.7071 -0.7071
vn 0.7475 -0.0000 0.6643
vn 0.7475 0.6643 -0.0000
vn 0.7475 -0.6643 -0.0000
vn 1.0000 -0.0000 -0.0000
vn -0.0000 1.0000 -0.0000
vn -0.0000 -0.0000 1.0000
vn -0.6226 0.5533 -0.5533
vn -0.6226 -0.5533 -0.5533
vn -0.6226 0.5533 0.5533
vn -0.6226 -0.5533 0.5533
vn -0.0000 -0.7071 0.7071
vn -0.7475 -0.0000 0.6643
vn -0.7475 -0.6643 -0.0000
vn -0.7475 -0.0000 -0.6643
vn -0.7475 0.6643 -0.0000
vn -1.0000 -0.0000 -0.0000
vn -0.6226 0.5534 -0.5533
vn 0.6226 0.5534 -0.5533
vn -0.6226 0.5533 -0.5534
vn -0.6226 -0.5533 -0.5534
vn -0.7474 -0.0000 -0.6643
vn 0.6226 0.5533 0.5534
vn 0.6226 0.5533 -0.5534
vn 0.6226 -0.5533 -0.5534
vn -0.6226 0.5533 0.5534
vn -0.6226 0.5534 0.5533
vn 0.7474 -0.0000 -0.6643
vn 0.6226 0.5534 0.5533
vn 0.6226 -0.5534 0.5533
vn -0.6226 -0.5534 -0.5533
vn 0.6226 -0.5534 -0.5533
vn 1.0000 -0.0000 -0.0001
vn 0.6226 -0.5533 0.5534
vn -0.1736 -0.0000 0.9848
vn 0.1736 -0.0000 -0.9848
vn 0.7092 0.5533 -0.4368
vn 0.7092 -0.5533 -0.4368
vn 0.5171 0.5533 0.6530
vn 0.5171 -0.5533 0.6530
vn -0.5171 0.5533 -0.6530
vn -0.5171 -0.5533 -0.6530
vn -0.7092 0.5533 0.4368
vn -0.7092 -0.5533 0.4368
vn -0.1228 0.7071 0.6964
vn -0.1228 -0.7071 0.6964
vn 0.8515 -0.0000 -0.5244
vn 0.1228 0.7071 -0.6964
vn -0.8515 -0.0000 0.5244
vn -0.7361 -0.6643 -0.1298
vn 0.1228 -0.7071 -0.6964
vn 0.6207 -0.0000 0.7840
vn -0.6208 -0.0000 -0.7840
vn 0.7361 0.6643 0.1298
vn 0.7361 -0.6643 0.1298
vn -0.7361 0.6643 -0.1298
vn 0.9848 -0.0000 0.1736
vn -0.9848 -0.0000 -0.1736
vn 0.1736 -0.0000 0.9848
vn -0.1736 -0.0000 -0.9848
vn 0.5170 0.5533 -0.6531
vn 0.5171 -0.5533 -0.6530
vn 0.7092 0.5533 0.4368
vn 0.7092 -0.5533 0.4368
vn -0.7092 0.5533 -0.4368
vn -0.7092 -0.5533 -0.4368
vn -0.5171 0.5533 0.6530
vn -0.5170 -0.5533 0.6530
vn 0.1228 0.7071 0.6964
vn 0.1228 -0.7071 0.6964
vn 0.6207 -0.0000 -0.7840
vn -0.1228 0.7071 -0.6964
vn -0.6207 -0.0000 0.7840
vn -0.7361 -0.6643 0.1298
vn -0.1228 -0.7071 -0.6964
vn 0.8515 -0.0000 0.5244
vn -0.8515 -0.0000 -0.5244
vn 0.7361 0.6643 -0.1298
vn 0.7361 -0.6643 -0.1298
vn -0.7361 0.6643 0.1298
vn -0.9848 -0.0000 0.1736
vn 0.9848 -0.0000 -0.1736
vn 0.1354 0.9908 -0.0000
vn -0.1354 -0.9908 -0.0000
vn 0.6918 0.4639 -0.5533
vn 0.5419 -0.6326 -0.5533
vn 0.6918 0.4639 0.5533
vn 0.5419 -0.6326 0.5533
vn -0.5419 0.6326 -0.5533
vn -0.6918 -0.4639 -0.5533
vn -0.5419 0.6326 0.5533
vn -0.6918 -0.4639 0.5533
vn 0.0958 0.7006 0.7071
vn -0.0958 -0.7006 0.7071
vn 0.7406 -0.1012 -0.6643
vn 0.0958 0.7006 -0.7071
vn -0.7406 0.1012 0.6643
vn -0.8305 -0.5570 -0.0000
vn -0.0958 -0.7006 -0.7071
vn 0.7406 -0.1012 0.6643
vn -0.7406 0.1012 -0.6643
vn 0.8305 0.5569 -0.0000
vn 0.6506 -0.7594 -0.0000
vn -0.6506 0.7594 -0.0000
vn -0.9908 0.1354 -0.0000
vn 0.9908 -0.1354 -0.0000
vn -0.2682 0.9634 -0.0000
vn 0.2682 -0.9634 -0.0000
vn 0.4514 0.7001 -0.5533
vn 0.7482 -0.3661 -0.5533
vn 0.4514 0.7001 0.5533
vn 0.7482 -0.3661 0.5533
vn -0.7482 0.3661 -0.5533
vn -0.4514 -0.7001 -0.5533
vn -0.7482 0.3661 0.5533
vn -0.4514 -0.7001 0.5533
vn -0.1897 0.6812 0.7071
vn 0.1897 -0.6812 0.7071
vn 0.7201 0.2005 -0.6643
vn -0.1897 0.6812 -0.7071
vn -0.7201 -0.2005 0.6643
vn -0.5419 -0.8405 -0.0000
vn 0.1897 -0.6812 -0.7071
vn 0.7201 0.2005 0.6643
vn -0.7201 -0.2005 -0.6643
vn 0.5419 0.8405 -0.0000
vn 0.8983 -0.4395 -0.0000
vn -0.8983 0.4395 -0.0000
vn -0.9634 -0.2682 -0.0000
vn 0.9634 0.2682 -0.0000
vn 0.1881 -0.0000 0.9821
vn -0.1881 -0.0000 -0.9821
vn 0.5074 0.5533 -0.6606
vn 0.5074 -0.5533 -0.6606
vn 0.7156 0.5533 0.4263
vn 0.7156 -0.5533 0.4263
vn -0.7156 0.5533 -0.4263
vn -0.7156 -0.5533 -0.4263
vn -0.5074 0.5533 0.6606
vn -0.5074 -0.5533 0.6606
vn 0.1330 0.7071 0.6945
vn 0.1330 -0.7071 0.6945
vn 0.6091 -0.0000 -0.7931
vn -0.1330 0.7071 -0.6945
vn -0.6091 -0.0000 0.7931
vn -0.7341 -0.6643 0.1406
vn -0.1330 -0.7071 -0.6945
vn 0.8591 -0.0000 0.5118
vn -0.8591 -0.0000 -0.5118
vn 0.7341 0.6643 -0.1406
vn 0.7341 -0.6643 -0.1406
vn -0.7341 0.6643 0.1406
vn 0.9821 -0.0000 -0.1881
vn -0.9821 -0.0000 0.1881
vn -0.4786 -0.0000 0.8780
vn 0.4786 -0.0000 -0.8780
vn 0.8115 0.5533 -0.1879
vn 0.8115 -0.5533 -0.1879
vn 0.2819 0.5533 0.7838
vn 0.2819 -0.5533 0.7838
vn -0.2819 0.5533 -0.7838
vn -0.2819 -0.5533 -0.7838
vn -0.8115 0.5533 0.1879
vn -0.8115 -0.5533 0.1879
vn -0.3384 0.7071 0.6209
vn -0.3384 -0.7071 0.6209
vn 0.9742 -0.0000 -0.2256
vn 0.3384 0.7071 -0.6209
vn -0.9742 -0.0000 0.2256
vn -0.6563 -0.6643 -0.3577
vn 0.3384 -0.7071 -0.6209
vn 0.3384 -0.0000 0.9410
vn -0.3384 -0.0000 -0.9410
vn 0.6563 0.6643 0.3577
vn 0.6563 -0.6643 0.3577
vn -0.6563 0.6643 -0.3577
vn 0.8780 -0.0000 0.4786
vn -0.8780 -0.0000 -0.4786
vn 0.0824 0.9952 0.0521
vn -0.8462 0.0423 0.5312
vn 0.8462 -0.0423 -0.5312
vn -0.0824 -0.9952 -0.0521
vn 0.8416 0.4726 0.2614
vn 0.7504 -0.6288 0.2038
vn -0.0948 0.5194 0.8492
vn -0.1860 -0.5820 0.7916
vn 0.1861 0.5820 -0.7916
vn 0.0948 -0.5194 -0.8492
vn -0.7504 0.6288 -0.2038
vn -0.8416 -0.4726 -0.2614
vn -0.5401 0.7336 0.4124
vn -0.6566 -0.6738 0.3388
vn 0.9556 -0.0937 0.2792
vn 0.6566 0.6738 -0.3388
vn -0.9556 0.0937 -0.2792
vn -0.4483 -0.5955 -0.6667
vn 0.5401 -0.7336 -0.4124
vn -0.1686 -0.0376 0.9850
vn 0.1686 0.0376 -0.9850
vn 0.4483 0.5955 0.6667
vn 0.3388 -0.7268 0.5975
vn -0.3388 0.7268 -0.5975
vn 0.5265 -0.0878 0.8456
vn -0.5265 0.0878 -0.8456
vn 0.1238 0.9917 0.0341
vn -0.2572 -0.0012 0.9664
vn 0.2572 0.0012 -0.9664
vn -0.1238 -0.9917 -0.0341
vn 0.8075 0.4695 -0.3571
vn 0.6705 -0.6280 -0.3949
vn 0.5229 0.4682 0.7123
vn 0.3859 -0.6293 0.6745
vn -0.3859 0.6293 -0.6745
vn -0.5229 -0.4682 -0.7123
vn -0.6705 0.6280 0.3949
vn -0.8075 -0.4695 0.3571
vn -0.0943 0.7004 0.7075
vn -0.2694 -0.7021 0.6592
vn 0.8872 -0.0952 -0.4514
vn 0.2694 0.7021 -0.6592
vn -0.8872 0.0952 0.4514
vn -0.7986 -0.5629 -0.2132
vn 0.0943 -0.7004 -0.7075
vn 0.5455 -0.0967 0.8325
vn -0.5455 0.0967 -0.8325
vn 0.7986 0.5629 0.2132
vn 0.6342 -0.7548 0.1678
vn -0.6342 0.7548 -0.1678
vn 0.9584 -0.1284 0.2549
vn -0.9584 0.1284 -0.2549
vn -0.3047 -0.0000 0.9524
vn 0.3047 -0.0000 -0.9524
vn -0.4244 0.5533 -0.7167
vn -0.4244 -0.5533 -0.7167
vn -0.7616 0.5533 0.3373
vn -0.7616 -0.5533 0.3373
vn -0.2155 0.7071 0.6735
vn -0.2155 -0.7071 0.6735
vn 0.2155 0.7071 -0.6735
vn -0.9143 -0.0000 0.4050
vn -0.7119 -0.6643 -0.2278
vn 0.2155 -0.7071 -0.6735
vn -0.5095 -0.0000 -0.8605
vn -0.7119 0.6643 -0.2278
vn -0.4244 -0.5534 -0.7167
vn -0.7119 -0.6643 -0.2277
vn -0.7119 0.6643 -0.2277
vn 0.9524 -0.0000 0.3047
vn -0.9524 -0.0000 -0.3047
vn 0.3158 -0.0000 0.9488
vn -0.3158 -0.0000 -0.9488
vn 0.4160 0.5533 -0.7216
vn 0.4160 -0.5533 -0.7216
vn 0.7655 0.5533 0.3284
vn 0.7655 -0.5533 0.3284
vn -0.7655 0.5533 -0.3284
vn -0.7655 -0.5533 -0.3284
vn -0.4160 0.5533 0.7216
vn -0.4160 -0.5533 0.7216
vn 0.2233 0.7071 0.6709
vn 0.2233 -0.7071 0.6709
vn 0.4994 -0.0000 -0.8664
vn -0.2233 0.7071 -0.6709
vn -0.4994 -0.0000 0.8664
vn -0.7092 -0.6643 0.2360
vn -0.2233 -0.7071 -0.6709
vn 0.9190 -0.0000 0.3943
vn -0.9190 -0.0000 -0.3943
vn 0.7092 0.6643 -0.2360
vn 0.7092 -0.6643 -0.2360
vn -0.7092 0.6643 0.2360
vn -0.9488 -0.0000 0.3158
vn 0.9488 -0.0000 -0.3158
vn -0.0582 -0.0000 -0.9983
vn 0.0582 -0.0000 0.9983
vn -0.5893 0.5533 0.5886
vn -0.5893 -0.5533 0.5886
vn -0.6537 0.5533 -0.5162
vn -0.6538 -0.5533 -0.5162
vn 0.6537 0.5533 0.5162
vn 0.6537 -0.5533 0.5162
vn 0.5893 0.5533 -0.5886
vn 0.5893 -0.5533 -0.5886
vn -0.0412 0.7071 -0.7059
vn -0.0412 -0.7071 -0.7059
vn -0.7075 -0.0000 0.7067
vn 0.0412 0.7071 0.7059
vn 0.7075 -0.0000 -0.7067
vn 0.7462 -0.6643 -0.0435
vn 0.0412 -0.7071 0.7059
vn -0.7848 -0.0000 -0.6197
vn 0.7849 -0.0000 0.6197
vn -0.7462 0.6643 0.0435
vn -0.7462 -0.6643 0.0435
vn 0.7462 0.6643 -0.0435
vn 0.9983 -0.0000 -0.0582
vn -0.9983 -0.0000 0.0582
vn -0.4936 -0.0000 0.8697
vn 0.4936 -0.0000 -0.8697
vn 0.8146 0.5533 -0.1740
vn 0.8146 -0.5533 -0.1740
vn 0.2684 0.5533 0.7885
vn 0.2684 -0.5533 0.7885
vn -0.2684 0.5533 -0.7885
vn -0.2684 -0.5533 -0.7885
vn -0.8146 0.5533 0.1740
vn -0.8146 -0.5533 0.1740
vn -0.3490 0.7071 0.6150
vn -0.3490 -0.7071 0.6150
vn 0.9779 -0.0000 -0.2088
vn 0.3490 0.7071 -0.6150
vn -0.9779 -0.0000 0.2088
vn -0.6501 -0.6643 -0.3689
vn 0.3490 -0.7071 -0.6150
vn 0.3222 -0.0000 0.9467
vn -0.3222 -0.0000 -0.9467
vn 0.6501 0.6643 0.3689
vn 0.6501 -0.6643 0.3689
vn -0.6501 0.6643 -0.3689
vn -0.8697 -0.0000 -0.4936
vn 0.8697 -0.0000 0.4936
vn 0.7508 -0.0000 0.6606
vn -0.7508 -0.0000 -0.6606
vn -0.0042 0.5533 -0.8329
vn -0.0041 -0.5533 -0.8329
vn 0.8267 0.5533 -0.1019
vn 0.8267 -0.5533 -0.1019
vn -0.8267 0.5533 0.1019
vn -0.8267 -0.5533 0.1019
vn 0.0042 0.5533 0.8329
vn 0.0042 -0.5533 0.8329
vn 0.5309 0.7071 0.4671
vn 0.5309 -0.7071 0.4671
vn -0.0050 -0.0000 -1.0000
vn -0.5309 0.7071 -0.4671
vn 0.0050 -0.0000 1.0000
vn -0.4938 -0.6643 0.5612
vn -0.5309 -0.7071 -0.4671
vn 0.9925 -0.0000 -0.1223
vn -0.9925 -0.0000 0.1223
vn 0.4937 0.6643 -0.5612
vn 0.4937 -0.6643 -0.5612
vn -0.4937 0.6643 0.5612
vn -0.6606 -0.0000 0.7508
vn 0.6606 -0.0000 -0.7508
vn -0.3504 0.6947 0.6282
vn 0.9156 0.1128 0.3860
vn -0.9156 -0.1128 -0.3860
vn 0.3504 -0.6947 -0.6282
vn -0.5777 0.7643 -0.2866
vn -0.1898 -0.0045 -0.9818
vn 0.4356 0.8891 0.1406
vn 0.8234 0.1203 -0.5546
vn -0.8234 -0.1203 0.5546
vn -0.4356 -0.8891 -0.1406
vn 0.1898 0.0045 0.9818
vn 0.5777 -0.7643 0.2866
vn 0.3996 0.5710 0.7172
vn 0.8952 -0.4115 -0.1712
vn -0.4607 0.4561 -0.7614
vn -0.8952 0.4115 0.1712
vn 0.4607 -0.4561 0.7614
vn 0.0853 -0.9925 0.0876
vn -0.3996 -0.5710 -0.7172
vn 0.7557 0.6059 -0.2485
vn -0.7557 -0.6059 0.2485
vn -0.0853 0.9925 -0.0876
vn 0.3803 0.0695 -0.9223
vn -0.3803 -0.0695 0.9223
vn -0.1973 -0.7104 0.6756
vn 0.1973 0.7104 -0.6756
vn -0.1748 -0.0000 -0.9846
vn 0.1748 -0.0000 0.9846
vn -0.5163 0.5533 0.6536
vn -0.5163 -0.5533 0.6536
vn -0.7097 0.5533 -0.4360
vn -0.7097 -0.5533 -0.4360
vn 0.7097 0.5533 0.4360
vn 0.7097 -0.5533 0.4360
vn 0.5163 0.5533 -0.6536
vn 0.5163 -0.5533 -0.6536
vn -0.1236 0.7071 -0.6962
vn -0.1236 -0.7071 -0.6962
vn -0.6199 -0.0000 0.7847
vn 0.1236 0.7071 0.6962
vn 0.6199 -0.0000 -0.7847
vn 0.7360 -0.6643 -0.1306
vn 0.1236 -0.7071 0.6962
vn -0.8520 -0.0000 -0.5235
vn 0.8521 -0.0000 0.5235
vn -0.7360 0.6643 0.1306
vn -0.7360 -0.6643 0.1306
vn 0.7360 0.6643 -0.1306
vn -0.9846 -0.0000 0.1748
vn 0.5163 0.5534 -0.6536
vn 0.8520 -0.0000 0.5235
vn 0.9846 -0.0000 -0.1748
vn -0.1180 0.9917 0.0506
vn -0.4028 -0.0012 -0.9153
vn 0.4028 0.0012 0.9153
vn 0.1180 -0.9917 -0.0506
vn -0.4075 0.4695 0.7833
vn -0.2769 -0.6280 0.7272
vn -0.8533 0.4682 -0.2296
vn -0.7227 -0.6293 -0.2857
vn 0.7227 0.6293 0.2857
vn 0.8533 -0.4682 0.2296
vn 0.2769 0.6280 -0.7272
vn 0.4075 -0.4695 -0.7833
vn -0.3683 0.7004 -0.6114
vn -0.2014 -0.7021 -0.6830
vn -0.4108 -0.0952 0.9067
vn 0.2014 0.7021 0.6830
vn 0.4108 0.0952 -0.9067
vn 0.7568 -0.5629 -0.3323
vn 0.3683 -0.7004 0.6114
vn -0.9460 -0.0967 -0.3093
vn 0.9460 0.0967 0.3093
vn -0.7568 0.5629 0.3323
vn -0.6001 -0.7548 0.2651
vn 0.6001 0.7548 -0.2651
vn -0.9076 -0.1284 0.3996
vn 0.9076 0.1284 -0.3996
vn -0.3570 -0.0000 -0.9341
vn 0.3570 -0.0000 0.9341
vn 0.7791 0.5533 0.2946
vn 0.7791 -0.5533 0.2946
vn 0.3840 0.5533 -0.7391
vn 0.3840 -0.5533 -0.7391
vn -0.2524 0.7071 -0.6605
vn -0.2524 -0.7071 -0.6605
vn 0.2524 0.7071 0.6605
vn 0.4610 -0.0000 -0.8874
vn 0.6982 -0.6643 -0.2668
vn 0.2524 -0.7071 0.6605
vn 0.9354 -0.0000 0.3537
vn 0.6982 0.6643 -0.2668
vn 0.3840 -0.5533 -0.7392
vn -0.9341 -0.0000 0.3570
vn 0.9341 -0.0000 -0.3570
vn 0.3594 -0.0000 0.9332
vn -0.3594 -0.0000 -0.9332
vn -0.7799 0.5533 -0.2926
vn -0.7799 -0.5533 -0.2926
vn -0.3822 0.5533 0.7401
vn -0.3822 -0.5533 0.7401
vn 0.2541 0.7071 0.6599
vn 0.2541 -0.7071 0.6599
vn -0.2541 0.7071 -0.6599
vn -0.4588 -0.0000 0.8885
vn -0.6975 -0.6643 0.2686
vn -0.2541 -0.7071 -0.6599
vn -0.9363 -0.0000 -0.3513
vn -0.6975 0.6643 0.2686
vn -0.3821 0.5533 0.7401
vn -0.3821 -0.5533 0.7401
vn -0.9332 -0.0000 0.3594
vn 0.9332 -0.0000 -0.3594
vn 0.8849 -0.0000 -0.4658
vn -0.8849 -0.0000 0.4658
vn -0.7797 0.5533 -0.2932
vn -0.7797 -0.5533 -0.2932
vn 0.1996 0.5533 -0.8087
vn 0.1996 -0.5533 -0.8087
vn -0.1996 0.5533 0.8087
vn -0.1996 -0.5533 0.8087
vn 0.7797 0.5533 0.2932
vn 0.7797 -0.5533 0.2932
vn 0.6257 0.7071 -0.3294
vn 0.6257 -0.7071 -0.3294
vn -0.9360 -0.0000 -0.3520
vn -0.6257 0.7071 0.3294
vn 0.9360 -0.0000 0.3520
vn 0.3482 -0.6643 0.6614
vn -0.6257 -0.7071 0.3294
vn 0.2397 -0.0000 -0.9709
vn -0.2397 -0.0000 0.9709
vn -0.3482 0.6643 -0.6614
vn -0.3482 -0.6643 -0.6614
vn 0.3482 0.6643 0.6614
vn 0.4658 -0.0000 0.8849
vn -0.4658 -0.0000 -0.8849
vn -0.9960 -0.0000 -0.0897
vn 0.9960 -0.0000 0.0897
vn 0.4952 0.5533 0.6697
vn 0.4952 -0.5533 0.6697
vn -0.6070 0.5533 0.5704
vn -0.6070 -0.5533 0.5704
vn 0.6070 0.5533 -0.5704
vn 0.6070 -0.5533 -0.5704
vn -0.4952 0.5533 -0.6697
vn -0.4952 -0.5533 -0.6697
vn -0.7043 0.7071 -0.0635
vn -0.7043 -0.7071 -0.0635
vn 0.5946 -0.0000 0.8041
vn 0.7043 0.7071 0.0635
vn -0.5946 -0.0000 -0.8041
vn 0.0671 -0.6643 -0.7444
vn 0.7043 -0.7071 0.0635
vn -0.7287 -0.0000 0.6848
vn 0.7287 -0.0000 -0.6848
vn -0.0671 0.6643 0.7444
vn -0.0671 -0.6643 0.7444
vn 0.0671 0.6643 -0.7444
vn 0.0897 -0.0000 -0.9960
vn -0.0897 -0.0000 0.9960
vn -0.2910 -0.0000 0.9567
vn 0.2910 -0.0000 -0.9567
vn 0.7567 0.5533 -0.3482
vn 0.7567 -0.5533 -0.3482
vn 0.4346 0.5533 0.7106
vn 0.4346 -0.5533 0.7106
vn -0.4346 0.5533 -0.7106
vn -0.4346 -0.5533 -0.7106
vn -0.7567 0.5533 0.3482
vn -0.7567 -0.5533 0.3482
vn -0.2058 0.7071 0.6765
vn -0.2058 -0.7071 0.6765
vn 0.9084 -0.0000 -0.4181
vn 0.2058 0.7071 -0.6765
vn -0.9084 -0.0000 0.4181
vn -0.7151 -0.6643 -0.2175
vn 0.2058 -0.7071 -0.6765
vn 0.5218 -0.0000 0.8531
vn -0.5218 -0.0000 -0.8531
vn 0.7151 0.6643 0.2175
vn 0.7151 -0.6643 0.2175
vn -0.7151 0.6643 -0.2175
vn -0.9567 -0.0000 -0.2910
vn 0.9567 -0.0000 0.2910
vn -0.8086 -0.0000 0.5883
vn 0.8086 -0.0000 -0.5883
vn 0.8137 0.5533 0.1779
vn 0.8137 -0.5533 0.1779
vn -0.0812 0.5533 0.8290
vn -0.0812 -0.5533 0.8290
vn 0.0812 0.5533 -0.8290
vn 0.0812 -0.5533 -0.8290
vn -0.8137 0.5533 -0.1779
vn -0.8137 -0.5533 -0.1779
vn -0.5718 0.7071 0.4160
vn -0.5718 -0.7071 0.4160
vn 0.9769 -0.0000 0.2136
vn 0.5718 0.7071 -0.4160
vn -0.9769 -0.0000 -0.2136
vn -0.4397 -0.6643 -0.6044
vn 0.5718 -0.7071 -0.4160
vn -0.0975 -0.0000 0.9952
vn 0.0975 -0.0000 -0.9952
vn 0.4397 0.6643 0.6044
vn 0.4397 -0.6643 0.6044
vn -0.4397 0.6643 -0.6044
vn -0.5883 -0.0000 -0.8086
vn 0.5883 -0.0000 0.8086
vn -0.4022 -0.0000 0.9155
vn 0.4022 -0.0000 -0.9155
vn 0.7926 0.5533 -0.2562
vn 0.7926 -0.5533 -0.2562
vn 0.3475 0.5533 0.7570
vn 0.3475 -0.5533 0.7570
vn -0.3475 0.5533 -0.7570
vn -0.3475 -0.5533 -0.7570
vn -0.7926 0.5533 0.2562
vn -0.7926 -0.5533 0.2562
vn -0.2844 0.7071 0.6474
vn -0.2844 -0.7071 0.6474
vn 0.9515 -0.0000 -0.3076
vn 0.2844 0.7071 -0.6474
vn -0.9515 -0.0000 0.3076
vn -0.6843 -0.6643 -0.3006
vn 0.2844 -0.7071 -0.6474
vn 0.4171 -0.0000 0.9088
vn -0.4171 -0.0000 -0.9088
vn 0.6843 0.6643 0.3006
vn 0.6843 -0.6643 0.3006
vn -0.6843 0.6643 -0.3006
vn -0.9155 -0.0000 -0.4022
vn 0.9155 -0.0000 0.4022
vn -0.7048 0.6947 -0.1438
vn -0.0907 0.1128 0.9895
vn 0.0907 -0.1128 -0.9895
vn 0.7048 -0.6947 0.1438
vn 0.0982 0.7643 -0.6373
vn 0.8782 -0.0045 -0.4783
vn -0.0021 0.8891 0.4577
vn 0.7779 0.1203 0.6168
vn -0.7779 -0.1203 -0.6168
vn 0.0021 -0.8891 -0.4577
vn -0.8782 0.0045 0.4783
vn -0.0982 -0.7643 0.6373
vn -0.5625 0.5710 0.5980
vn 0.4343 -0.4115 0.8013
vn 0.5861 0.4561 -0.6697
vn -0.4343 0.4115 -0.8013
vn -0.5861 -0.4561 0.6697
vn -0.0577 -0.9925 0.1078
vn 0.5625 -0.5710 -0.5980
vn 0.4657 0.6059 0.6450
vn -0.4657 -0.6059 -0.6450
vn 0.0577 0.9925 -0.1078
vn 0.9941 0.0695 0.0832
vn -0.9941 -0.0695 -0.0832
vn -0.7036 -0.7104 0.0165
vn 0.7036 0.7104 -0.0165
vn 0.0510 0.9987 -0.0035
vn -0.1668 0.0119 0.9859
vn 0.1668 -0.0119 -0.9859
vn -0.0510 -0.9987 0.0034
vn 0.7336 0.5151 -0.4433
vn 0.6771 -0.5902 -0.4395
vn 0.5490 0.5283 0.6477
vn 0.4925 -0.5770 0.6516
vn -0.4925 0.5770 -0.6516
vn -0.5490 -0.5283 -0.6477
vn -0.6771 0.5902 0.4395
vn -0.7336 -0.5151 0.4433
vn -0.0819 0.7146 0.6947
vn -0.1540 -0.6978 0.6996
vn 0.8468 -0.0451 -0.5300
vn 0.1540 0.6978 -0.6996
vn -0.8468 0.0451 0.5300
vn -0.7699 -0.6263 -0.1227
vn 0.0819 -0.7146 -0.6947
vn 0.6252 -0.0292 0.7799
vn -0.6252 0.0292 -0.7799
vn 0.7699 0.6263 0.1227
vn 0.7021 -0.7006 0.1273
vn -0.7021 0.7006 -0.1273
vn -0.9847 0.0497 -0.1672
vn 0.9847 -0.0497 0.1672
vn 0.1555 -0.0000 0.9878
vn -0.1555 -0.0000 -0.9878
vn 0.5290 0.5533 -0.6434
vn 0.5290 -0.5533 -0.6434
vn 0.7011 0.5533 0.4498
vn 0.7011 -0.5533 0.4498
vn -0.7010 0.5533 -0.4498
vn -0.7010 -0.5533 -0.4498
vn -0.5290 0.5533 0.6434
vn -0.5290 -0.5533 0.6434
vn 0.1099 0.7071 0.6985
vn 0.1099 -0.7071 0.6985
vn 0.6351 -0.0000 -0.7724
vn -0.1099 0.7071 -0.6985
vn -0.6351 -0.0000 0.7724
vn -0.7384 -0.6643 0.1162
vn -0.1099 -0.7071 -0.6985
vn 0.8416 -0.0000 0.5400
vn -0.8416 -0.0000 -0.5400
vn 0.7384 0.6643 -0.1162
vn 0.7384 -0.6643 -0.1162
vn -0.7384 0.6643 0.1162
vn 0.9878 -0.0000 -0.1555
vn -0.9878 -0.0000 0.1555
vt 0.654393 0.550379
vt 0.845607 0.550379
vt 0.845607 0.699621
vt 0.654393 0.699621
vt 0.426196 0.779393
vt 0.573804 0.779393
vt 0.573804 0.970607
vt 0.426196 0.970607
vt 0.426196 0.279393
vt 0.573804 0.279393
vt 0.573804 0.470607
vt 0.426196 0.470607
vt 0.154393 0.550379
vt 0.345607 0.550379
vt 0.345607 0.699621
vt 0.154393 0.699621
vt 0.573804 0.482361
vt 0.593635 0.470607
vt 0.357361 0.550379
vt 0.345607 0.530838
vt 0.593635 0.779393
vt 0.573804 0.767639
vt 0.357361 0.699621
vt 0.345607 0.719162
vt 0.593635 0.279393
vt 0.573804 0.267639
vt 0.426196 0.267639
vt 0.406365 0.279393
vt 0.593635 0.050379
vt 0.593635 0.050379
vt 0.573804 0.030838
vt 0.154393 0.719162
vt 0.142639 0.699621
vt 0.593635 0.970607
vt 0.426196 0.482361
vt 0.573804 0.982361
vt 0.426196 0.982361
vt 0.142639 0.550379
vt 0.406365 0.470607
vt 0.426196 0.767639
vt 0.593635 0.550379
vt 0.593635 0.699621
vt 0.573804 0.699621
vt 0.573804 0.550379
vt 0.593635 0.199621
vt 0.573804 0.199621
vt 0.573804 0.050379
vt 0.426196 0.550379
vt 0.426196 0.699621
vt 0.426196 0.375000
vt 0.573804 0.375000
vt 0.250000 0.550379
vt 0.250000 0.699621
vt 0.573804 0.875000
vt 0.593635 0.875000
vt 0.593635 0.375000
vt 0.406365 0.375000
vt 0.426196 0.050379
vt 0.426196 0.199621
vt 0.250000 0.719162
vt 0.426196 0.875000
vt 0.750000 0.550379
vt 0.750000 0.699621
s 1
usemtl dark_grey.008
f 679/50/27 678/51/27 25/11/27 29/12/27
f 680/52/28 28/14/28 33/15/28 676/53/28
f 49/17/29 25/17/29 26/18/29
f 27/19/30 28/20/30 29/20/30
f 30/21/31 31/21/31 32/22/31
f 33/15/32 34/23/32 35/24/32
f 673/54/33 31/6/33 30/21/33 674/55/33
f 29/12/34 25/11/34 49/17/34 27/35/34
f 677/56/35 26/18/35 25/11/35 678/51/35
f 679/50/36 29/12/36 28/39/36 680/57/36
f 31/6/37 35/5/37 34/40/37 32/22/37
f 26/41/38 30/42/38 32/43/38 49/44/38
f 27/19/39 34/23/39 33/15/39 28/14/39
f 39/48/40 36/44/40 44/43/40 74/49/40
f 58/1/41 66/2/41 70/3/41 62/4/41
f 65/5/42 63/6/42 71/7/42 73/8/42
f 68/9/27 67/10/27 57/11/27 61/12/27
f 69/13/28 60/14/28 64/15/28 72/16/28
f 56/17/29 57/17/29 58/18/29
f 59/19/30 60/20/30 61/20/30
f 62/21/31 63/21/31 75/22/31
f 64/15/32 76/23/32 65/24/32
f 66/25/43 67/25/43 36/26/43
f 39/27/44 68/28/44 69/28/44
f 70/29/45 44/30/45 71/31/45
f 72/16/46 73/32/46 74/33/46
f 71/7/33 63/6/33 62/21/33 70/34/33
f 65/24/47 73/32/47 72/16/47 64/15/47
f 61/12/34 57/11/34 56/17/34 59/35/34
f 66/25/35 58/18/35 57/11/35 67/10/35
f 73/8/48 71/7/48 44/36/48 74/37/48
f 74/33/49 39/38/49 69/13/49 72/16/49
f 68/9/36 61/12/36 60/39/36 69/28/36
f 63/6/37 65/5/37 76/40/37 75/22/37
f 67/10/50 68/9/50 39/27/50 36/26/50
f 58/41/38 62/42/38 75/43/38 56/44/38
f 59/19/39 76/23/39 64/15/39 60/14/39
f 70/29/51 66/45/51 36/46/51 44/47/51
f 120/1/41 129/2/41 134/3/41 123/4/41
f 128/5/42 124/6/42 135/7/42 137/8/42
f 132/9/27 130/10/27 119/11/27 122/12/27
f 133/13/28 121/14/28 126/15/28 136/16/28
f 139/17/29 119/17/29 120/18/29
f 140/19/30 121/20/30 122/20/30
f 123/21/31 124/21/31 125/22/31
f 126/15/32 127/23/32 128/24/32
f 129/25/43 130/25/43 131/26/43
f 103/27/44 132/28/44 133/28/44
f 134/29/45 108/30/45 135/31/45
f 136/16/46 137/32/46 138/33/46
f 135/7/33 124/6/33 123/21/33 134/34/33
f 128/24/47 137/32/47 136/16/47 126/15/47
f 122/12/34 119/11/34 139/17/34 140/35/34
f 129/25/35 120/18/35 119/11/35 130/10/35
f 137/8/48 135/7/48 108/36/48 138/37/48
f 138/33/49 103/38/49 133/13/49 136/16/49
f 132/9/36 122/12/36 121/39/36 133/28/36
f 124/6/37 128/5/37 127/40/37 125/22/37
f 130/10/50 132/9/50 103/27/50 131/26/50
f 120/41/38 123/42/38 125/43/38 139/44/38
f 140/19/39 127/23/39 126/15/39 121/14/39
f 134/29/51 129/45/51 131/46/51 108/47/51
f 140/48/40 139/44/40 125/43/40 127/49/40
f 154/1/41 162/2/41 166/3/41 157/4/41
f 161/5/42 158/6/42 167/7/42 169/8/42
f 164/9/27 163/10/27 153/11/27 156/12/27
f 165/13/28 155/14/28 159/15/28 168/16/28
f 183/17/29 153/17/29 154/18/29
f 184/19/30 155/20/30 156/20/30
f 157/21/31 158/21/31 188/22/31
f 159/15/32 160/23/32 161/24/32
f 162/25/43 163/25/43 141/26/43
f 144/27/44 164/28/44 165/28/44
f 166/29/45 149/30/45 167/31/45
f 168/16/46 169/32/46 151/33/46
f 167/7/33 158/6/33 157/21/33 166/34/33
f 161/24/47 169/32/47 168/16/47 159/15/47
f 156/12/34 153/11/34 183/17/34 184/35/34
f 162/25/35 154/18/35 153/11/35 163/10/35
f 169/8/48 167/7/48 149/36/48 151/37/48
f 151/33/49 144/38/49 165/13/49 168/16/49
f 164/9/36 156/12/36 155/39/36 165/28/36
f 158/6/37 161/5/37 160/40/37 188/22/37
f 163/10/50 164/9/50 144/27/50 141/26/50
f 154/41/38 157/42/38 188/43/38 183/44/38
f 184/19/39 160/23/39 159/15/39 155/14/39
f 166/29/51 162/45/51 141/46/51 149/47/51
f 184/48/40 183/44/40 188/43/40 160/49/40
f 227/48/40 196/44/40 203/43/40 205/49/40
f 236/1/41 243/2/41 249/3/41 239/4/41
f 242/5/42 240/6/42 250/7/42 252/8/42
f 247/9/27 244/10/27 235/11/27 238/12/27
f 248/13/28 237/14/28 241/15/28 251/16/28
f 234/17/29 235/17/29 236/18/29
f 254/19/30 237/20/30 238/20/30
f 239/21/31 240/21/31 255/22/31
f 241/15/32 256/23/32 242/24/32
f 243/25/43 244/25/43 245/26/43
f 246/27/44 247/28/44 248/28/44
f 249/29/45 222/30/45 250/31/45
f 251/16/46 252/32/46 253/33/46
f 250/7/33 240/6/33 239/21/33 249/34/33
f 242/24/47 252/32/47 251/16/47 241/15/47
f 238/12/34 235/11/34 234/17/34 254/35/34
f 243/25/35 236/18/35 235/11/35 244/10/35
f 252/8/48 250/7/48 222/36/48 253/37/48
f 253/33/49 246/38/49 248/13/49 251/16/49
f 247/9/36 238/12/36 237/39/36 248/28/36
f 240/6/37 242/5/37 256/40/37 255/22/37
f 244/10/50 247/9/50 246/27/50 245/26/50
f 236/41/38 239/42/38 255/43/38 234/44/38
f 254/19/39 256/23/39 241/15/39 237/14/39
f 249/29/51 243/45/51 245/46/51 222/47/51
f 254/48/40 234/44/40 255/43/40 256/49/40
f 269/1/41 278/2/41 283/3/41 273/4/41
f 277/5/42 274/6/42 284/7/42 286/8/42
f 281/9/27 279/10/27 268/11/27 272/12/27
f 282/13/28 271/14/28 276/15/28 285/16/28
f 267/17/29 268/17/29 269/18/29
f 270/19/30 271/20/30 272/20/30
f 273/21/31 274/21/31 275/22/31
f 276/15/32 307/23/32 277/24/32
f 278/25/43 279/25/43 280/26/43
f 259/27/44 281/28/44 282/28/44
f 283/29/45 264/30/45 284/31/45
f 285/16/46 286/32/46 287/33/46
f 284/7/33 274/6/33 273/21/33 283/34/33
f 277/24/47 286/32/47 285/16/47 276/15/47
f 272/12/34 268/11/34 267/17/34 270/35/34
f 278/25/35 269/18/35 268/11/35 279/10/35
f 286/8/48 284/7/48 264/36/48 287/37/48
f 287/33/49 259/38/49 282/13/49 285/16/49
f 281/9/36 272/12/36 271/39/36 282/28/36
f 274/6/37 277/5/37 307/40/37 275/22/37
f 279/10/50 281/9/50 259/27/50 280/26/50
f 269/41/38 273/42/38 275/43/38 267/44/38
f 270/19/39 307/23/39 276/15/39 271/14/39
f 283/29/51 278/45/51 280/46/51 264/47/51
f 270/48/40 267/44/40 275/43/40 307/49/40
f 312/1/41 322/2/41 327/3/41 316/4/41
f 321/5/42 317/6/42 328/7/42 330/8/42
f 325/9/27 323/10/27 311/11/27 315/12/27
f 326/13/28 314/14/28 319/15/28 329/16/28
f 345/17/29 311/17/29 312/18/29
f 313/19/30 314/20/30 315/20/30
f 316/21/31 317/21/31 318/22/31
f 319/15/32 320/23/32 321/24/32
f 322/25/55 323/25/55 324/26/55
f 309/27/56 325/28/56 326/28/56
f 327/29/45 310/30/45 328/31/45
f 329/16/46 330/32/46 331/33/46
f 328/7/33 317/6/33 316/21/33 327/34/33
f 321/24/47 330/32/47 329/16/47 319/15/47
f 315/12/34 311/11/34 345/17/34 313/35/34
f 322/25/35 312/18/35 311/11/35 323/10/35
f 330/8/48 328/7/48 310/36/48 331/37/48
f 331/33/49 309/38/49 326/13/49 329/16/49
f 325/9/36 315/12/36 314/39/36 326/28/36
f 317/6/37 321/5/37 320/40/37 318/22/37
f 323/10/57 325/9/57 309/27/57 324/26/57
f 312/41/38 316/42/38 318/43/38 345/44/38
f 313/19/39 320/23/39 319/15/39 314/14/39
f 327/29/51 322/45/51 324/46/51 310/47/51
f 313/48/40 345/44/40 318/43/40 320/49/40
f 354/48/40 370/44/40 371/43/40 372/49/40
f 376/48/40 373/44/40 399/43/40 403/49/40
f 405/1/41 413/2/41 417/3/41 409/4/41
f 412/5/42 410/6/42 418/7/42 420/8/42
f 415/9/27 414/10/27 404/11/27 408/12/27
f 416/13/28 407/14/28 411/15/28 419/16/28
f 422/17/59 404/17/59 405/18/59
f 406/19/30 407/20/30 408/20/30
f 409/21/31 410/21/31 423/22/31
f 411/15/32 424/23/32 412/24/32
f 413/25/43 414/25/43 383/26/43
f 386/27/44 415/28/44 416/28/44
f 417/29/45 391/30/45 418/31/45
f 419/16/46 420/32/46 421/33/46
f 418/7/33 410/6/33 409/21/33 417/34/33
f 412/24/47 420/32/47 419/16/47 411/15/47
f 408/12/34 404/11/34 422/17/34 406/35/34
f 413/25/35 405/18/35 404/11/35 414/10/35
f 420/8/48 418/7/48 391/36/48 421/37/48
f 421/33/49 386/38/49 416/13/49 419/16/49
f 415/9/36 408/12/36 407/39/36 416/28/36
f 410/6/37 412/5/37 424/40/37 423/22/37
f 414/10/50 415/9/50 386/27/50 383/26/50
f 405/41/38 409/42/38 423/43/38 422/44/38
f 406/19/39 424/23/39 411/15/39 407/14/39
f 417/29/51 413/45/51 383/46/51 391/47/51
f 406/48/40 422/44/40 423/43/40 424/49/40
f 468/1/41 475/2/41 480/3/41 471/4/41
f 474/5/42 472/6/42 481/7/42 483/8/42
f 478/9/27 476/10/27 467/11/27 470/12/27
f 479/13/28 469/14/28 473/15/28 482/16/28
f 485/17/29 467/17/29 468/18/29
f 486/19/30 469/20/30 470/20/30
f 471/21/31 472/21/31 487/22/31
f 473/15/32 488/23/32 474/24/32
f 475/25/43 476/25/43 477/26/43
f 449/27/44 478/28/44 479/28/44
f 480/29/45 454/30/45 481/31/45
f 482/16/46 483/32/46 484/33/46
f 481/7/33 472/6/33 471/21/33 480/34/33
f 474/24/47 483/32/47 482/16/47 473/15/47
f 470/12/34 467/11/34 485/17/34 486/35/34
f 475/25/35 468/18/35 467/11/35 476/10/35
f 483/8/48 481/7/48 454/36/48 484/37/48
f 484/33/49 449/38/49 479/13/49 482/16/49
f 478/9/36 470/12/36 469/39/36 479/28/36
f 472/6/37 474/5/37 488/40/37 487/22/37
f 476/10/50 478/9/50 449/27/50 477/26/50
f 468/41/38 471/42/38 487/43/38 485/44/38
f 486/19/39 488/23/39 473/15/39 469/14/39
f 480/29/51 475/45/51 477/46/51 454/47/51
f 500/1/41 508/2/41 513/3/41 503/4/41
f 507/5/42 504/6/42 514/7/42 516/8/42
f 511/9/27 509/10/27 499/11/27 502/12/27
f 512/13/28 501/14/28 505/15/28 515/16/28
f 530/17/29 499/17/29 500/18/29
f 531/19/30 501/20/30 502/20/30
f 503/21/31 504/21/31 535/22/31
f 505/15/32 506/23/32 507/24/32
f 508/25/43 509/25/43 489/26/43
f 510/27/44 511/28/44 512/28/44
f 513/29/62 496/30/62 514/31/62
f 515/16/46 516/32/46 517/33/46
f 514/7/33 504/6/33 503/21/33 513/34/33
f 507/24/47 516/32/47 515/16/47 505/15/47
f 502/12/63 499/11/63 530/17/63 531/35/63
f 508/25/35 500/18/35 499/11/35 509/10/35
f 516/8/48 514/7/48 496/36/48 517/37/48
f 517/33/49 510/38/49 512/13/49 515/16/49
f 511/9/36 502/12/36 501/39/36 512/28/36
f 504/6/37 507/5/37 506/40/37 535/22/37
f 509/10/50 511/9/50 510/27/50 489/26/50
f 500/41/38 503/42/38 535/43/38 530/44/38
f 531/19/39 506/23/39 505/15/39 501/14/39
f 513/29/51 508/45/51 489/46/51 496/47/51
f 531/48/40 530/44/40 535/43/40 506/49/40
f 560/1/41 568/2/41 573/3/41 564/4/41
f 567/5/42 565/6/42 575/7/42 577/8/42
f 571/9/27 569/10/27 559/11/27 563/12/27
f 572/13/28 562/14/28 566/15/28 576/16/28
f 589/17/29 559/17/29 560/18/29
f 561/19/30 562/20/30 563/20/30
f 564/21/31 565/21/31 593/22/31
f 566/15/32 597/23/32 567/24/32
f 568/25/43 569/25/43 557/26/43
f 570/27/44 571/28/44 572/28/44
f 573/29/45 574/30/45 575/31/45
f 576/16/46 577/32/46 558/33/46
f 575/7/33 565/6/33 564/21/33 573/34/33
f 567/24/47 577/32/47 576/16/47 566/15/47
f 563/12/34 559/11/34 589/17/34 561/35/34
f 568/25/35 560/18/35 559/11/35 569/10/35
f 577/8/48 575/7/48 574/36/48 558/37/48
f 558/33/49 570/38/49 572/13/49 576/16/49
f 571/9/36 563/12/36 562/39/36 572/28/36
f 565/6/37 567/5/37 597/40/37 593/22/37
f 569/10/50 571/9/50 570/27/50 557/26/50
f 560/41/38 564/42/38 593/43/38 589/44/38
f 561/19/39 597/23/39 566/15/39 562/14/39
f 573/29/51 568/45/51 557/46/51 574/47/51
f 561/48/40 589/44/40 593/43/40 597/49/40
f 557/46/52 570/38/52 558/37/52 574/47/52
f 324/46/52 309/38/52 331/37/52 310/47/52
f 680/57/52 677/56/52 678/51/52 679/50/52
f 677/62/52 680/52/52 676/53/52 674/63/52
f 676/53/52 675/60/52 673/54/52 674/55/52
f 35/24/47 675/60/47 676/53/47 33/15/47
f 35/5/42 31/6/42 673/54/42 675/61/42
f 26/1/41 677/62/41 674/63/41 30/4/41
f 684/48/40 681/44/40 689/43/40 718/49/40
f 702/1/41 710/2/41 714/3/41 706/4/41
f 709/5/42 707/6/42 715/7/42 717/8/42
f 712/9/27 711/10/27 701/11/27 705/12/27
f 713/13/28 704/14/28 708/15/28 716/16/28
f 700/17/29 701/17/29 702/18/29
f 703/19/30 704/20/30 705/20/30
f 706/21/31 707/21/31 735/22/31
f 708/15/32 739/23/32 709/24/32
f 710/25/53 711/25/53 681/26/53
f 684/27/44 712/28/44 713/28/44
f 714/29/45 689/30/45 715/31/45
f 716/16/46 717/32/46 718/33/46
f 715/7/33 707/6/33 706/21/33 714/34/33
f 709/24/47 717/32/47 716/16/47 708/15/47
f 705/12/34 701/11/34 700/17/34 703/35/34
f 710/25/35 702/18/35 701/11/35 711/10/35
f 717/8/48 715/7/48 689/36/48 718/37/48
f 718/33/49 684/38/49 713/13/49 716/16/49
f 712/9/36 705/12/36 704/39/36 713/28/36
f 707/6/37 709/5/37 739/40/37 735/22/37
f 711/10/50 712/9/50 684/27/50 681/26/50
f 702/41/38 706/42/38 735/43/38 700/44/38
f 703/19/39 739/23/39 708/15/39 704/14/39
f 714/29/51 710/45/51 681/46/51 689/47/51
f 1417/62/41 740/2/41 745/3/41 1414/63/41
f 1415/61/42 1413/54/42 746/7/42 748/8/42
f 740/25/43 741/25/43 719/26/43
f 742/27/44 743/28/44 744/28/44
f 745/29/45 726/30/45 746/31/45
f 747/16/46 748/32/46 728/33/46
f 1415/60/47 748/32/47 747/16/47 1416/53/47
f 748/8/48 746/7/48 726/36/48 728/37/48
f 728/33/49 742/38/49 744/13/49 747/16/49
f 741/10/50 743/9/50 742/27/50 719/26/50
f 745/29/51 740/45/51 719/46/51 726/47/51
f 772/1/41 781/2/41 786/3/41 775/4/41
f 780/5/42 776/6/42 787/7/42 789/8/42
f 784/9/27 782/10/27 771/11/27 774/12/27
f 785/13/28 773/14/28 778/15/28 788/16/28
f 805/17/29 771/17/29 772/18/29
f 806/19/30 773/20/30 774/20/30
f 775/21/58 776/21/58 777/22/58
f 778/15/32 779/23/32 780/24/32
f 781/25/43 782/25/43 783/26/43
f 755/27/44 784/28/44 785/28/44
f 786/29/45 760/30/45 787/31/45
f 788/16/46 789/32/46 790/33/46
f 787/7/33 776/6/33 775/21/33 786/34/33
f 780/24/47 789/32/47 788/16/47 778/15/47
f 774/12/34 771/11/34 805/17/34 806/35/34
f 781/25/35 772/18/35 771/11/35 782/10/35
f 789/8/48 787/7/48 760/36/48 790/37/48
f 790/33/49 755/38/49 785/13/49 788/16/49
f 784/9/36 774/12/36 773/39/36 785/28/36
f 776/6/37 780/5/37 779/40/37 777/22/37
f 782/10/50 784/9/50 755/27/50 783/26/50
f 772/41/38 775/42/38 777/43/38 805/44/38
f 806/19/39 779/23/39 778/15/39 773/14/39
f 786/29/51 781/45/51 783/46/51 760/47/51
f 806/48/52 779/49/52 777/43/52 805/44/52
f 814/1/41 822/2/41 826/3/41 817/4/41
f 821/5/42 818/6/42 827/7/42 829/8/42
f 824/9/27 823/10/27 813/11/27 816/12/27
f 825/13/28 815/14/28 819/15/28 828/16/28
f 843/17/29 813/17/29 814/18/29
f 844/19/30 815/20/30 816/20/30
f 817/21/31 818/21/31 848/22/31
f 819/15/32 820/23/32 821/24/32
f 827/7/33 818/6/33 817/21/33 826/34/33
f 821/24/47 829/32/47 828/16/47 819/15/47
f 816/12/34 813/11/34 843/17/34 844/35/34
f 822/25/35 814/18/35 813/11/35 823/10/35
f 824/9/36 816/12/36 815/39/36 825/28/36
f 818/6/37 821/5/37 820/40/37 848/22/37
f 814/41/38 817/42/38 848/43/38 843/44/38
f 844/19/39 820/23/39 819/15/39 815/14/39
f 844/48/40 843/44/40 848/43/40 820/49/40
f 895/48/52 883/49/52 882/43/52 881/44/52
f 904/1/41 911/2/41 917/3/41 907/4/41
f 910/5/42 908/6/42 918/7/42 920/8/42
f 915/9/27 912/10/27 903/11/27 906/12/27
f 916/13/28 905/14/28 909/15/28 919/16/28
f 902/17/29 903/17/29 904/18/29
f 936/19/30 905/20/30 906/20/30
f 907/21/31 908/21/31 940/22/31
f 909/15/32 944/23/32 910/24/32
f 911/25/43 912/25/43 913/26/43
f 914/27/44 915/28/44 916/28/44
f 917/29/45 890/30/45 918/31/45
f 919/16/46 920/32/46 921/33/46
f 918/7/33 908/6/33 907/21/33 917/34/33
f 910/24/47 920/32/47 919/16/47 909/15/47
f 906/12/34 903/11/34 902/17/34 936/35/34
f 911/25/35 904/18/35 903/11/35 912/10/35
f 920/8/48 918/7/48 890/36/48 921/37/48
f 921/33/49 914/38/49 916/13/49 919/16/49
f 915/9/36 906/12/36 905/39/36 916/28/36
f 908/6/37 910/5/37 944/40/37 940/22/37
f 912/10/50 915/9/50 914/27/50 913/26/50
f 904/41/38 907/42/38 940/43/38 902/44/38
f 936/19/39 944/23/39 909/15/39 905/14/39
f 917/29/51 911/45/51 913/46/51 890/47/51
f 936/48/52 944/49/52 940/43/52 902/44/52
f 924/1/41 934/2/41 939/3/41 928/4/41
f 933/5/42 929/6/42 941/7/42 943/8/42
f 937/9/27 935/10/27 923/11/27 927/12/27
f 938/13/28 926/14/28 931/15/28 942/16/28
f 922/17/29 923/17/29 924/18/29
f 925/19/30 926/20/30 927/20/30
f 928/21/31 929/21/31 930/22/31
f 931/15/32 932/23/32 933/24/32
f 934/25/43 935/25/43 902/26/43
f 936/27/44 937/28/44 938/28/44
f 939/29/45 940/30/45 941/31/45
f 942/16/46 943/32/46 944/33/46
f 941/7/33 929/6/33 928/21/33 939/34/33
f 933/24/47 943/32/47 942/16/47 931/15/47
f 927/12/34 923/11/34 922/17/34 925/35/34
f 934/25/35 924/18/35 923/11/35 935/10/35
f 943/8/48 941/7/48 940/36/48 944/37/48
f 944/33/49 936/38/49 938/13/49 942/16/49
f 937/9/36 927/12/36 926/39/36 938/28/36
f 929/6/37 933/5/37 932/40/37 930/22/37
f 935/10/50 937/9/50 936/27/50 902/26/50
f 924/41/38 928/42/38 930/43/38 922/44/38
f 925/19/39 932/23/39 931/15/39 926/14/39
f 939/29/51 934/45/51 902/46/51 940/47/51
f 925/48/40 922/44/40 930/43/40 932/49/40
f 947/1/41 956/2/41 960/3/41 951/4/41
f 955/5/42 952/6/42 961/7/42 963/8/42
f 958/9/27 957/10/27 946/11/27 950/12/27
f 959/13/28 949/14/28 954/15/28 962/16/28
f 945/17/29 946/17/29 947/18/29
f 948/19/30 949/20/30 950/20/30
f 951/21/31 952/21/31 953/22/31
f 954/15/32 983/23/32 955/24/32
f 961/7/33 952/6/33 951/21/33 960/34/33
f 955/24/47 963/32/47 962/16/47 954/15/47
f 950/12/34 946/11/34 945/17/34 948/35/34
f 956/25/35 947/18/35 946/11/35 957/10/35
f 958/9/36 950/12/36 949/39/36 959/28/36
f 952/6/37 955/5/37 983/40/37 953/22/37
f 947/41/38 951/42/38 953/43/38 945/44/38
f 948/19/39 983/23/39 954/15/39 949/14/39
f 948/48/40 945/44/40 953/43/40 983/49/40
f 1013/48/52 1015/49/52 1014/43/52 1029/44/52
f 1038/48/40 1068/44/40 1072/43/40 1076/49/40
f 1097/1/41 1105/2/41 1109/3/41 1101/4/41
f 1104/5/42 1102/6/42 1110/7/42 1112/8/42
f 1107/9/27 1106/10/27 1096/11/27 1100/12/27
f 1108/13/28 1099/14/28 1103/15/28 1111/16/28
f 1127/17/29 1096/17/29 1097/18/29
f 1098/19/30 1099/20/30 1100/20/30
f 1101/21/31 1102/21/31 1131/22/31
f 1103/15/32 1135/23/32 1104/24/32
f 1105/25/43 1106/25/43 1077/26/43
f 1080/27/44 1107/28/44 1108/28/44
f 1109/29/45 1085/30/45 1110/31/45
f 1111/16/46 1112/32/46 1113/33/46
f 1110/7/33 1102/6/33 1101/21/33 1109/34/33
f 1104/24/47 1112/32/47 1111/16/47 1103/15/47
f 1100/12/34 1096/11/34 1127/17/34 1098/35/34
f 1105/25/35 1097/18/35 1096/11/35 1106/10/35
f 1112/8/48 1110/7/48 1085/36/48 1113/37/48
f 1113/33/49 1080/38/49 1108/13/49 1111/16/49
f 1107/9/36 1100/12/36 1099/39/36 1108/28/36
f 1102/6/37 1104/5/37 1135/40/37 1131/22/37
f 1106/10/50 1107/9/50 1080/27/50 1077/26/50
f 1097/41/38 1101/42/38 1131/43/38 1127/44/38
f 1098/19/39 1135/23/39 1103/15/39 1099/14/39
f 1109/29/51 1105/45/51 1077/46/51 1085/47/51
f 1098/48/40 1127/44/40 1131/43/40 1135/49/40
f 1188/1/41 1195/2/41 1200/3/41 1191/4/41
f 1194/5/42 1192/6/42 1201/7/42 1203/8/42
f 1198/9/27 1196/10/27 1187/11/27 1190/12/27
f 1199/13/28 1189/14/28 1193/15/28 1202/16/28
f 1219/17/29 1187/17/29 1188/18/29
f 1220/19/30 1189/20/30 1190/20/30
f 1191/21/31 1192/21/31 1224/22/31
f 1193/15/32 1228/23/32 1194/24/32
f 1195/25/43 1196/25/43 1197/26/43
f 1169/27/44 1198/28/44 1199/28/44
f 1200/29/45 1174/30/45 1201/31/45
f 1202/16/46 1203/32/46 1204/33/46
f 1201/7/33 1192/6/33 1191/21/33 1200/34/33
f 1194/24/47 1203/32/47 1202/16/47 1193/15/47
f 1190/12/34 1187/11/34 1219/17/34 1220/35/34
f 1195/25/35 1188/18/35 1187/11/35 1196/10/35
f 1203/8/48 1201/7/48 1174/36/48 1204/37/48
f 1204/33/49 1169/38/49 1199/13/49 1202/16/49
f 1198/9/36 1190/12/36 1189/39/36 1199/28/36
f 1192/6/37 1194/5/37 1228/40/37 1224/22/37
f 1196/10/50 1198/9/50 1169/27/50 1197/26/50
f 1188/41/38 1191/42/38 1224/43/38 1219/44/38
f 1220/19/39 1228/23/39 1193/15/39 1189/14/39
f 1200/29/51 1195/45/51 1197/46/51 1174/47/51
f 1230/1/41 1238/2/41 1242/3/41 1233/4/41
f 1237/5/42 1234/6/42 1243/7/42 1245/8/42
f 1240/9/27 1239/10/27 1229/11/27 1232/12/27
f 1241/13/28 1231/14/28 1235/15/28 1244/16/28
f 1258/17/59 1229/17/59 1230/18/59
f 1259/19/30 1231/20/30 1232/20/30
f 1233/21/58 1234/21/58 1263/22/58
f 1235/15/32 1236/23/32 1237/24/32
f 1243/7/33 1234/6/33 1233/21/33 1242/34/33
f 1237/24/47 1245/32/47 1244/16/47 1235/15/47
f 1232/12/34 1229/11/34 1258/17/34 1259/35/34
f 1238/25/35 1230/18/35 1229/11/35 1239/10/35
f 1240/9/36 1232/12/36 1231/39/36 1241/28/36
f 1234/6/37 1237/5/37 1236/40/37 1263/22/37
f 1230/41/38 1233/42/38 1263/43/38 1258/44/38
f 1259/19/39 1236/23/39 1235/15/39 1231/14/39
f 1259/48/40 1258/44/40 1263/43/40 1236/49/40
f 1290/48/40 1267/44/40 1274/43/40 1276/49/40
f 1300/1/41 1308/2/41 1313/3/41 1304/4/41
f 1307/5/42 1305/6/42 1315/7/42 1317/8/42
f 1311/9/27 1309/10/27 1299/11/27 1303/12/27
f 1312/13/28 1302/14/28 1306/15/28 1316/16/28
f 1329/17/29 1299/17/29 1300/18/29
f 1301/19/30 1302/20/30 1303/20/30
f 1304/21/58 1305/21/58 1333/22/58
f 1306/15/32 1337/23/32 1307/24/32
f 1308/25/55 1309/25/55 1297/26/55
f 1310/27/56 1311/28/56 1312/28/56
f 1313/29/45 1314/30/45 1315/31/45
f 1316/16/46 1317/32/46 1298/33/46
f 1315/7/33 1305/6/33 1304/21/33 1313/34/33
f 1307/24/47 1317/32/47 1316/16/47 1306/15/47
f 1303/12/34 1299/11/34 1329/17/34 1301/35/34
f 1308/25/35 1300/18/35 1299/11/35 1309/10/35
f 1317/8/48 1315/7/48 1314/36/48 1298/37/48
f 1298/33/49 1310/38/49 1312/13/49 1316/16/49
f 1311/9/36 1303/12/36 1302/39/36 1312/28/36
f 1305/6/37 1307/5/37 1337/40/37 1333/22/37
f 1309/10/50 1311/9/50 1310/27/50 1297/26/50
f 1300/41/38 1304/42/38 1333/43/38 1329/44/38
f 1301/19/39 1337/23/39 1306/15/39 1302/14/39
f 1313/29/51 1308/45/51 1297/46/51 1314/47/51
f 1301/48/40 1329/44/40 1333/43/40 1337/49/40
f 1420/57/40 1419/50/40 1418/51/40 1417/56/40
f 1417/62/40 1414/63/40 1416/53/40 1420/52/40
f 1416/53/40 1414/55/40 1413/54/68 1415/60/68
f 743/9/36 1419/50/36 1420/57/36 744/28/36
f 740/25/35 1417/56/35 1418/51/35 741/10/35
f 1297/46/52 1310/38/52 1298/37/52 1314/47/52
f 746/7/33 1413/54/33 1414/55/33 745/34/33
f 744/13/28 1420/52/28 1416/53/28 747/16/28
f 743/9/27 741/10/27 1418/51/27 1419/50/27
f 961/7/52 960/34/52 962/16/52 963/8/52
f 959/13/52 962/16/52 960/3/52 956/2/52
f 956/2/52 957/10/52 958/9/52 959/13/52
f 827/7/52 826/34/52 828/16/52 829/8/52
f 825/13/52 828/16/52 826/3/52 822/2/52
f 822/2/52 823/10/52 824/9/52 825/13/52
f 1243/7/52 1242/34/52 1244/16/52 1245/8/52
f 1241/13/52 1244/16/52 1242/3/52 1238/2/52
f 1238/2/52 1239/10/52 1240/9/52 1241/13/52
f 1448/1/41 1456/2/41 1461/3/41 1452/4/41
f 1455/5/70 1453/6/70 1463/7/70 1465/8/70
f 1459/9/71 1457/10/71 1447/11/71 1451/12/71
f 1460/13/28 1450/14/28 1454/15/28 1464/16/28
f 1466/17/72 1447/17/72 1448/18/72
f 1449/19/73 1450/20/73 1451/20/73
f 1452/21/74 1453/21/74 1467/22/74
f 1454/15/75 1468/23/75 1455/24/75
f 1456/25/76 1457/25/76 1445/26/76
f 1458/27/77 1459/28/77 1460/28/77
f 1461/29/78 1462/30/78 1463/31/78
f 1464/16/79 1465/32/79 1446/33/79
f 1463/7/80 1453/6/80 1452/21/80 1461/34/80
f 1455/24/81 1465/32/81 1464/16/81 1454/15/81
f 1451/12/82 1447/11/82 1466/17/82 1449/35/82
f 1456/25/83 1448/18/83 1447/11/83 1457/10/83
f 1465/8/84 1463/7/84 1462/36/84 1446/37/84
f 1446/33/85 1458/38/85 1460/13/85 1464/16/85
f 1459/9/86 1451/12/86 1450/39/86 1460/28/86
f 1453/6/87 1455/5/87 1468/40/87 1467/22/87
f 1457/10/88 1459/9/88 1458/27/88 1445/26/88
f 1448/41/89 1452/42/89 1467/43/89 1466/44/89
f 1449/19/90 1468/23/90 1454/15/90 1450/14/90
f 1461/29/91 1456/45/91 1445/46/91 1462/47/91
f 1449/48/92 1466/44/92 1467/43/92 1468/49/92
f 1445/46/93 1458/38/93 1446/37/93 1462/47/93
f 1520/1/118 1528/2/118 1533/3/118 1523/4/118
f 1527/5/42 1524/6/42 1534/7/42 1536/8/42
f 1531/9/27 1529/10/27 1519/11/27 1522/12/27
f 1532/13/119 1521/14/119 1525/15/119 1535/16/119
f 1538/17/120 1519/17/120 1520/18/120
f 1539/19/121 1521/20/121 1522/20/121
f 1523/21/122 1524/21/122 1540/22/122
f 1525/15/123 1526/23/123 1527/24/123
f 1528/25/124 1529/25/124 1517/26/124
f 1530/27/125 1531/28/125 1532/28/125
f 1533/29/126 1518/30/126 1534/31/126
f 1535/16/127 1536/32/127 1537/33/127
f 1534/7/128 1524/6/128 1523/21/128 1533/34/128
f 1527/24/129 1536/32/129 1535/16/129 1525/15/129
f 1522/12/130 1519/11/130 1538/17/130 1539/35/130
f 1528/25/131 1520/18/131 1519/11/131 1529/10/131
f 1536/8/132 1534/7/132 1518/36/132 1537/37/132
f 1537/33/133 1530/38/133 1532/13/133 1535/16/133
f 1531/9/134 1522/12/134 1521/39/134 1532/28/134
f 1524/6/135 1527/5/135 1526/40/135 1540/22/135
f 1529/10/136 1531/9/136 1530/27/136 1517/26/136
f 1520/41/137 1523/42/137 1540/43/137 1538/44/137
f 1539/19/138 1526/23/138 1525/15/138 1521/14/138
f 1533/29/139 1528/45/139 1517/46/139 1518/47/139
f 1517/26/140 1530/27/140 1537/33/140 1518/36/140
f 1538/44/141 1540/43/141 1526/40/141 1539/19/141
f 1664/1/240 1674/2/240 1679/3/240 1668/4/240
f 1673/5/241 1669/6/241 1681/7/241 1683/8/241
f 1677/9/242 1675/10/242 1663/11/242 1667/12/242
f 1678/13/243 1666/14/243 1671/15/243 1682/16/243
f 1662/17/244 1663/17/244 1664/18/244
f 1665/19/245 1666/20/245 1667/20/245
f 1668/21/246 1669/21/246 1670/22/246
f 1671/15/247 1672/23/247 1673/24/247
f 1674/25/248 1675/25/248 1661/26/248
f 1676/27/249 1677/28/249 1678/28/249
f 1679/29/250 1680/30/250 1681/31/250
f 1682/16/251 1683/32/251 1684/33/251
f 1681/7/252 1669/6/252 1668/21/252 1679/34/252
f 1673/24/253 1683/32/253 1682/16/253 1671/15/253
f 1667/12/254 1663/11/254 1662/17/254 1665/35/254
f 1674/25/255 1664/18/255 1663/11/255 1675/10/255
f 1683/8/256 1681/7/256 1680/36/256 1684/37/256
f 1684/33/257 1676/38/257 1678/13/257 1682/16/257
f 1677/9/258 1667/12/258 1666/39/258 1678/28/258
f 1669/6/259 1673/5/259 1672/40/259 1670/22/259
f 1675/10/260 1677/9/260 1676/27/260 1661/26/260
f 1664/41/261 1668/42/261 1670/43/261 1662/44/261
f 1665/19/262 1672/23/262 1671/15/262 1666/14/262
f 1679/29/263 1674/45/263 1661/46/263 1680/47/263
f 1665/48/264 1662/44/264 1670/43/264 1672/49/264
f 1684/33/265 1680/47/265 1661/26/265 1676/38/265
f 1936/1/433 1946/2/433 1951/3/433 1940/4/433
f 1945/5/434 1941/6/434 1953/7/434 1955/8/434
f 1949/9/435 1947/10/435 1935/11/435 1939/12/435
f 1950/13/436 1938/14/436 1943/15/436 1954/16/436
f 1934/17/437 1935/17/437 1936/18/437
f 1937/19/438 1938/20/438 1939/20/438
f 1940/21/439 1941/21/439 1942/22/439
f 1943/15/440 1944/23/440 1945/24/440
f 1946/25/441 1947/25/441 1933/26/441
f 1948/27/442 1949/28/442 1950/28/442
f 1951/29/443 1952/30/443 1953/31/443
f 1954/16/444 1955/32/444 1956/33/444
f 1953/7/445 1941/6/445 1940/21/445 1951/34/445
f 1945/24/446 1955/32/446 1954/16/446 1943/15/446
f 1939/12/447 1935/11/447 1934/17/447 1937/35/447
f 1946/25/448 1936/18/448 1935/11/448 1947/10/448
f 1955/8/449 1953/7/449 1952/36/449 1956/37/449
f 1956/33/450 1948/38/450 1950/13/450 1954/16/450
f 1949/9/451 1939/12/451 1938/39/451 1950/28/451
f 1941/6/452 1945/5/452 1944/40/452 1942/22/452
f 1947/10/453 1949/9/453 1948/27/453 1933/26/453
f 1936/41/454 1940/42/454 1942/43/454 1934/44/454
f 1937/19/455 1944/23/455 1943/15/455 1938/14/455
f 1951/29/456 1946/45/456 1933/46/456 1952/47/456
f 1937/48/457 1934/44/457 1942/43/457 1944/49/457
f 1956/33/458 1952/47/458 1933/26/458 1948/38/458
f 2080/1/41 2087/2/41 2092/3/41 2083/4/41
f 2086/5/476 2084/6/476 2093/7/476 2095/8/476
f 2090/9/477 2088/10/477 2079/11/477 2082/12/477
f 2091/13/28 2081/14/28 2085/15/28 2094/16/28
f 2087/25/478 2088/25/478 2089/26/478
f 2077/27/479 2090/28/479 2091/28/479
f 2092/29/480 2078/30/480 2093/31/480
f 2094/16/491 2095/32/491 2096/33/491
f 2093/7/482 2084/6/482 2083/21/482 2092/34/482
f 2086/24/483 2095/32/483 2094/16/483 2085/15/483
f 2087/25/484 2080/18/484 2079/11/484 2088/10/484
f 2095/8/485 2093/7/485 2078/36/485 2096/37/485
f 2096/33/486 2077/38/486 2091/13/486 2094/16/486
f 2090/9/487 2082/12/487 2081/39/487 2091/28/487
f 2088/10/488 2090/9/488 2077/27/488 2089/26/488
f 2092/29/489 2087/45/489 2089/46/489 2078/47/489
f 2089/46/492 2077/38/492 2096/37/492 2078/47/492
f 2079/11/493 2080/18/493 2081/39/493 2082/12/493
f 2080/18/493 2083/4/493 2085/15/493 2081/39/493
f 2083/4/493 2084/6/493 2086/24/493 2085/15/493
f 2244/1/640 2252/2/640 2257/3/640 2247/4/640
f 2251/5/641 2248/6/641 2258/7/641 2260/8/641
f 2255/9/642 2253/10/642 2243/11/642 2246/12/642
f 2256/13/643 2245/14/643 2249/15/643 2259/16/643
f 2262/17/644 2243/17/644 2244/18/644
f 2263/19/645 2245/20/645 2246/20/645
f 2247/21/646 2248/21/646 2264/22/646
f 2249/15/647 2250/23/647 2251/24/647
f 2252/25/648 2253/25/648 2241/26/648
f 2254/27/649 2255/28/649 2256/28/649
f 2257/29/650 2242/30/650 2258/31/650
f 2259/16/651 2260/32/651 2261/33/651
f 2258/7/652 2248/6/652 2247/21/652 2257/34/652
f 2251/24/653 2260/32/653 2259/16/653 2249/15/653
f 2246/12/654 2243/11/654 2262/17/654 2263/35/654
f 2252/25/655 2244/18/655 2243/11/655 2253/10/655
f 2260/8/656 2258/7/656 2242/36/656 2261/37/656
f 2261/33/657 2254/38/657 2256/13/657 2259/16/657
f 2255/9/658 2246/12/658 2245/39/658 2256/28/658
f 2248/6/659 2251/5/659 2250/40/659 2264/22/659
f 2253/10/660 2255/9/660 2254/27/660 2241/26/660
f 2244/41/661 2247/42/661 2264/43/661 2262/44/661
f 2263/19/662 2250/23/662 2249/15/662 2245/14/662
f 2257/29/663 2252/45/663 2241/46/663 2242/47/663
f 2241/26/664 2254/27/664 2261/33/664 2242/36/664
f 2262/44/665 2264/43/665 2250/40/665 2263/19/665
usemtl grey.009
f 4/1/1 14/2/1 19/3/1 8/4/1
f 13/5/2 9/6/2 21/7/2 23/8/2
f 17/9/3 15/10/3 3/11/3 7/12/3
f 18/13/4 6/14/4 11/15/4 22/16/4
f 2/17/5 3/17/5 4/18/5
f 5/19/6 6/20/6 7/20/6
f 8/21/7 9/21/7 10/22/7
f 11/15/8 12/23/8 13/24/8
f 14/25/9 15/25/9 16/26/9
f 1/27/10 17/28/10 18/28/10
f 19/29/11 20/30/11 21/31/11
f 22/16/12 23/32/12 24/33/12
f 21/7/13 9/6/13 8/21/13 19/34/13
f 13/24/14 23/32/14 22/16/14 11/15/14
f 7/12/15 3/11/15 2/17/15 5/35/15
f 14/25/16 4/18/16 3/11/16 15/10/16
f 23/8/17 21/7/17 20/36/17 24/37/17
f 24/33/18 1/38/18 18/13/18 22/16/18
f 17/9/19 7/12/19 6/39/19 18/28/19
f 9/6/20 13/5/20 12/40/20 10/22/20
f 15/10/21 17/9/21 1/27/21 16/26/21
f 4/41/22 8/42/22 10/43/22 2/44/22
f 5/19/23 12/23/23 11/15/23 6/14/23
f 19/29/24 14/45/24 16/46/24 20/47/24
f 5/48/25 2/44/25 10/43/25 12/49/25
f 24/33/26 20/47/26 16/26/26 1/38/26
f 27/48/40 49/44/40 32/43/40 34/49/40
f 38/1/41 47/2/41 52/3/41 42/4/41
f 46/5/42 43/6/42 53/7/42 55/8/42
f 50/9/27 48/10/27 37/11/27 41/12/27
f 51/13/28 40/14/28 45/15/28 54/16/28
f 36/17/29 37/17/29 38/18/29
f 39/19/30 40/20/30 41/20/30
f 42/21/31 43/21/31 44/22/31
f 45/15/32 74/23/32 46/24/32
f 47/25/43 48/25/43 49/26/43
f 27/27/44 50/28/44 51/28/44
f 52/29/45 32/30/45 53/31/45
f 54/16/46 55/32/46 34/33/46
f 53/7/33 43/6/33 42/21/33 52/34/33
f 46/24/47 55/32/47 54/16/47 45/15/47
f 41/12/34 37/11/34 36/17/34 39/35/34
f 47/25/35 38/18/35 37/11/35 48/10/35
f 55/8/48 53/7/48 32/36/48 34/37/48
f 34/33/49 27/38/49 51/13/49 54/16/49
f 50/9/36 41/12/36 40/39/36 51/28/36
f 43/6/37 46/5/37 74/40/37 44/22/37
f 48/10/50 50/9/50 27/27/50 49/26/50
f 38/41/38 42/42/38 44/43/38 36/44/38
f 39/19/39 74/23/39 45/15/39 40/14/39
f 52/29/51 47/45/51 49/46/51 32/47/51
f 59/48/40 56/44/40 75/43/40 76/49/40
f 79/1/41 89/2/41 95/3/41 83/4/41
f 88/5/42 84/6/42 97/7/42 99/8/42
f 93/9/27 90/10/27 78/11/27 82/12/27
f 94/13/28 81/14/28 86/15/28 98/16/28
f 77/17/29 78/17/29 79/18/29
f 80/19/30 81/20/30 82/20/30
f 83/21/31 84/21/31 85/22/31
f 86/15/32 87/23/32 88/24/32
f 89/25/43 90/25/43 91/26/43
f 92/27/44 93/28/44 94/28/44
f 95/29/45 96/30/45 97/31/45
f 98/16/46 99/32/46 100/33/46
f 97/7/33 84/6/33 83/21/33 95/34/33
f 88/24/47 99/32/47 98/16/47 86/15/47
f 82/12/34 78/11/34 77/17/34 80/35/34
f 89/25/35 79/18/35 78/11/35 90/10/35
f 99/8/48 97/7/48 96/36/48 100/37/48
f 100/33/49 92/38/49 94/13/49 98/16/49
f 93/9/36 82/12/36 81/39/36 94/28/36
f 84/6/37 88/5/37 87/40/37 85/22/37
f 90/10/50 93/9/50 92/27/50 91/26/50
f 79/41/38 83/42/38 85/43/38 77/44/38
f 80/19/39 87/23/39 86/15/39 81/14/39
f 95/29/51 89/45/51 91/46/51 96/47/51
f 80/48/40 77/44/40 85/43/40 87/49/40
f 102/1/41 111/2/41 115/3/41 106/4/41
f 110/5/42 107/6/42 116/7/42 118/8/42
f 113/9/27 112/10/27 101/11/27 105/12/27
f 114/13/28 104/14/28 109/15/28 117/16/28
f 131/17/29 101/17/29 102/18/29
f 103/19/30 104/20/30 105/20/30
f 106/21/31 107/21/31 108/22/31
f 109/15/32 138/23/32 110/24/32
f 111/25/43 112/25/43 77/26/43
f 80/27/44 113/28/44 114/28/44
f 115/29/45 85/30/45 116/31/45
f 117/16/46 118/32/46 87/33/46
f 116/7/33 107/6/33 106/21/33 115/34/33
f 110/24/47 118/32/47 117/16/47 109/15/47
f 105/12/34 101/11/34 131/17/34 103/35/34
f 111/25/35 102/18/35 101/11/35 112/10/35
f 118/8/48 116/7/48 85/36/48 87/37/48
f 87/33/49 80/38/49 114/13/49 117/16/49
f 113/9/36 105/12/36 104/39/36 114/28/36
f 107/6/37 110/5/37 138/40/37 108/22/37
f 112/10/50 113/9/50 80/27/50 77/26/50
f 102/41/38 106/42/38 108/43/38 131/44/38
f 103/19/39 138/23/39 109/15/39 104/14/39
f 115/29/51 111/45/51 77/46/51 85/47/51
f 103/48/52 138/49/52 108/43/52 131/44/52
f 671/50/27 670/51/27 142/11/27 146/12/27
f 672/52/28 145/14/28 150/15/28 668/53/28
f 141/17/29 142/17/29 143/18/29
f 144/19/30 145/20/30 146/20/30
f 147/21/31 148/21/31 149/22/31
f 150/15/32 151/23/32 152/24/32
f 665/54/33 148/6/33 147/21/33 666/55/33
f 146/12/34 142/11/34 141/17/34 144/35/34
f 669/56/35 143/18/35 142/11/35 670/51/35
f 671/50/36 146/12/36 145/39/36 672/57/36
f 148/6/37 152/5/37 151/40/37 149/22/37
f 143/41/38 147/42/38 149/43/38 141/44/38
f 144/19/39 151/23/39 150/15/39 145/14/39
f 144/48/40 141/44/40 149/43/40 151/49/40
f 172/1/41 181/2/41 187/3/41 176/4/41
f 180/5/42 177/6/42 189/7/42 191/8/42
f 185/9/27 182/10/27 171/11/27 175/12/27
f 186/13/28 174/14/28 178/15/28 190/16/28
f 170/17/29 171/17/29 172/18/29
f 173/19/30 174/20/30 175/20/30
f 176/21/31 177/21/31 192/22/31
f 178/15/32 179/23/32 180/24/32
f 181/25/43 182/25/43 183/26/43
f 184/27/44 185/28/44 186/28/44
f 187/29/45 188/30/45 189/31/45
f 190/16/46 191/32/46 160/33/46
f 189/7/33 177/6/33 176/21/33 187/34/33
f 180/24/47 191/32/47 190/16/47 178/15/47
f 175/12/34 171/11/34 170/17/34 173/35/34
f 181/25/35 172/18/35 171/11/35 182/10/35
f 191/8/48 189/7/48 188/36/48 160/37/48
f 160/33/49 184/38/49 186/13/49 190/16/49
f 185/9/36 175/12/36 174/39/36 186/28/36
f 177/6/37 180/5/37 179/40/37 192/22/37
f 182/10/50 185/9/50 184/27/50 183/26/50
f 172/41/38 176/42/38 192/43/38 170/44/38
f 173/19/39 179/23/39 178/15/39 174/14/39
f 187/29/51 181/45/51 183/46/51 188/47/51
f 173/48/40 170/44/40 192/43/40 179/49/40
f 198/1/41 207/2/41 211/3/41 201/4/41
f 206/5/42 202/6/42 212/7/42 214/8/42
f 209/9/27 208/10/27 197/11/27 200/12/27
f 210/13/28 199/14/28 204/15/28 213/16/28
f 196/17/29 197/17/29 198/18/29
f 227/19/30 199/20/30 200/20/30
f 201/21/31 202/21/31 203/22/31
f 204/15/32 205/23/32 206/24/32
f 207/25/43 208/25/43 193/26/43
f 194/27/44 209/28/44 210/28/44
f 211/29/45 195/30/45 212/31/45
f 213/16/46 214/32/46 215/33/46
f 212/7/33 202/6/33 201/21/33 211/34/33
f 206/24/47 214/32/47 213/16/47 204/15/47
f 200/12/34 197/11/34 196/17/34 227/35/34
f 207/25/35 198/18/35 197/11/35 208/10/35
f 214/8/48 212/7/48 195/36/48 215/37/48
f 215/33/49 194/38/49 210/13/49 213/16/49
f 209/9/36 200/12/36 199/39/36 210/28/36
f 202/6/37 206/5/37 205/40/37 203/22/37
f 208/10/50 209/9/50 194/27/50 193/26/50
f 198/41/38 201/42/38 203/43/38 196/44/38
f 227/19/39 205/23/39 204/15/39 199/14/39
f 211/29/51 207/45/51 193/46/51 195/47/51
f 217/1/41 225/2/41 230/3/41 220/4/41
f 224/5/42 221/6/42 231/7/42 233/8/42
f 228/9/27 226/10/27 216/11/27 219/12/27
f 229/13/28 218/14/28 223/15/28 232/16/28
f 245/17/29 216/17/29 217/18/29
f 246/19/30 218/20/30 219/20/30
f 220/21/31 221/21/31 222/22/31
f 223/15/32 253/23/32 224/24/32
f 225/25/53 226/25/53 196/26/53
f 227/27/44 228/28/44 229/28/44
f 230/29/45 203/30/45 231/31/45
f 232/16/46 233/32/46 205/33/46
f 231/7/33 221/6/33 220/21/33 230/34/33
f 224/24/47 233/32/47 232/16/47 223/15/47
f 219/12/34 216/11/34 245/17/34 246/35/34
f 225/25/35 217/18/35 216/11/35 226/10/35
f 233/8/48 231/7/48 203/36/48 205/37/48
f 205/33/49 227/38/49 229/13/49 232/16/49
f 228/9/36 219/12/36 218/39/36 229/28/36
f 221/6/37 224/5/37 253/40/37 222/22/37
f 226/10/50 228/9/50 227/27/50 196/26/50
f 217/41/38 220/42/38 222/43/38 245/44/38
f 246/19/39 253/23/39 223/15/39 218/14/39
f 230/29/51 225/45/51 196/46/51 203/47/51
f 246/48/52 253/49/52 222/43/52 245/44/52
f 663/50/27 662/51/27 257/11/27 261/12/27
f 664/52/28 260/14/28 265/15/28 660/53/28
f 280/17/54 257/17/54 258/18/54
f 259/19/30 260/20/30 261/20/30
f 262/21/31 263/21/31 264/22/31
f 265/15/32 287/23/32 266/24/32
f 657/54/33 263/6/33 262/21/33 658/55/33
f 261/12/34 257/11/34 280/17/34 259/35/34
f 661/56/35 258/18/35 257/11/35 662/51/35
f 663/50/36 261/12/36 260/39/36 664/57/36
f 263/6/37 266/5/37 287/40/37 264/22/37
f 258/41/38 262/42/38 264/43/38 280/44/38
f 259/19/39 287/23/39 265/15/39 260/14/39
f 259/48/40 280/44/40 264/43/40 287/49/40
f 290/1/41 299/2/41 303/3/41 293/4/41
f 298/5/42 294/6/42 304/7/42 306/8/42
f 301/9/27 300/10/27 289/11/27 292/12/27
f 302/13/28 291/14/28 296/15/28 305/16/28
f 288/17/29 289/17/29 290/18/29
f 308/19/30 291/20/30 292/20/30
f 293/21/31 294/21/31 295/22/31
f 296/15/32 297/23/32 298/24/32
f 299/25/53 300/25/53 267/26/53
f 270/27/44 301/28/44 302/28/44
f 303/29/45 275/30/45 304/31/45
f 305/16/46 306/32/46 307/33/46
f 304/7/33 294/6/33 293/21/33 303/34/33
f 298/24/47 306/32/47 305/16/47 296/15/47
f 292/12/34 289/11/34 288/17/34 308/35/34
f 299/25/35 290/18/35 289/11/35 300/10/35
f 306/8/48 304/7/48 275/36/48 307/37/48
f 307/33/49 270/38/49 302/13/49 305/16/49
f 301/9/36 292/12/36 291/39/36 302/28/36
f 294/6/37 298/5/37 297/40/37 295/22/37
f 300/10/50 301/9/50 270/27/50 267/26/50
f 290/41/38 293/42/38 295/43/38 288/44/38
f 308/19/39 297/23/39 296/15/39 291/14/39
f 303/29/51 299/45/51 267/46/51 275/47/51
f 308/48/40 288/44/40 295/43/40 297/49/40
f 334/1/41 343/2/41 348/3/41 338/4/41
f 342/5/42 339/6/42 349/7/42 351/8/42
f 346/9/27 344/10/27 333/11/27 337/12/27
f 347/13/28 336/14/28 341/15/28 350/16/28
f 332/17/29 333/17/29 334/18/29
f 335/19/30 336/20/30 337/20/30
f 338/21/58 339/21/58 340/22/58
f 341/15/32 369/23/32 342/24/32
f 343/25/55 344/25/55 345/26/55
f 313/27/44 346/28/44 347/28/44
f 348/29/45 318/30/45 349/31/45
f 350/16/46 351/32/46 320/33/46
f 349/7/33 339/6/33 338/21/33 348/34/33
f 342/24/47 351/32/47 350/16/47 341/15/47
f 337/12/34 333/11/34 332/17/34 335/35/34
f 343/25/35 334/18/35 333/11/35 344/10/35
f 351/8/48 349/7/48 318/36/48 320/37/48
f 320/33/49 313/38/49 347/13/49 350/16/49
f 346/9/36 337/12/36 336/39/36 347/28/36
f 339/6/37 342/5/37 369/40/37 340/22/37
f 344/10/50 346/9/50 313/27/50 345/26/50
f 334/41/38 338/42/38 340/43/38 332/44/38
f 335/19/39 369/23/39 341/15/39 336/14/39
f 348/29/51 343/45/51 345/46/51 318/47/51
f 335/48/40 332/44/40 340/43/40 369/49/40
f 353/1/41 361/2/41 365/3/41 357/4/41
f 360/5/42 358/6/42 366/7/42 368/8/42
f 363/9/27 362/10/27 352/11/27 356/12/27
f 364/13/28 355/14/28 359/15/28 367/16/28
f 370/17/29 352/17/29 353/18/29
f 354/19/30 355/20/30 356/20/30
f 357/21/31 358/21/31 371/22/31
f 359/15/32 372/23/32 360/24/32
f 361/25/43 362/25/43 332/26/43
f 335/27/44 363/28/44 364/28/44
f 365/29/45 340/30/45 366/31/45
f 367/16/46 368/32/46 369/33/46
f 366/7/33 358/6/33 357/21/33 365/34/33
f 360/24/47 368/32/47 367/16/47 359/15/47
f 356/12/34 352/11/34 370/17/34 354/35/34
f 361/25/35 353/18/35 352/11/35 362/10/35
f 368/8/48 366/7/48 340/36/48 369/37/48
f 369/33/49 335/38/49 364/13/49 367/16/49
f 363/9/36 356/12/36 355/39/36 364/28/36
f 358/6/37 360/5/37 372/40/37 371/22/37
f 362/10/50 363/9/50 335/27/50 332/26/50
f 353/41/38 357/42/38 371/43/38 370/44/38
f 354/19/39 372/23/39 359/15/39 355/14/39
f 365/29/51 361/45/51 332/46/51 340/47/51
f 655/50/27 654/51/27 374/11/27 378/12/27
f 656/52/28 377/14/28 381/15/28 652/53/28
f 373/17/29 374/17/29 375/18/29
f 376/19/30 377/20/30 378/20/30
f 379/21/31 380/21/31 399/22/31
f 381/15/32 403/23/32 382/24/32
f 649/54/33 380/6/33 379/21/33 650/55/33
f 378/12/34 374/11/34 373/17/34 376/35/34
f 653/56/35 375/18/35 374/11/35 654/51/35
f 655/50/36 378/12/36 377/39/36 656/57/36
f 380/6/37 382/5/37 403/40/37 399/22/37
f 375/41/38 379/42/38 399/43/38 373/44/38
f 376/19/39 403/23/39 381/15/39 377/14/39
f 385/1/41 394/2/41 398/3/41 389/4/41
f 393/5/42 390/6/42 400/7/42 402/8/42
f 396/9/27 395/10/27 384/11/27 388/12/27
f 397/13/28 387/14/28 392/15/28 401/16/28
f 383/17/59 384/17/59 385/18/59
f 386/19/30 387/20/30 388/20/30
f 389/21/31 390/21/31 391/22/31
f 392/15/32 421/23/32 393/24/32
f 394/25/43 395/25/43 373/26/43
f 376/27/44 396/28/44 397/28/44
f 398/29/45 399/30/45 400/31/45
f 401/16/46 402/32/46 403/33/46
f 400/7/33 390/6/33 389/21/33 398/34/33
f 393/24/47 402/32/47 401/16/47 392/15/47
f 388/12/34 384/11/34 383/17/34 386/35/34
f 394/25/35 385/18/35 384/11/35 395/10/35
f 402/8/48 400/7/48 399/36/48 403/37/48
f 403/33/49 376/38/49 397/13/49 401/16/49
f 396/9/36 388/12/36 387/39/36 397/28/36
f 390/6/37 393/5/37 421/40/37 391/22/37
f 395/10/50 396/9/50 376/27/50 373/26/50
f 385/41/38 389/42/38 391/43/38 383/44/38
f 386/19/39 421/23/39 392/15/39 387/14/39
f 398/29/51 394/45/51 373/46/51 399/47/51
f 386/48/40 383/44/40 391/43/40 421/49/40
f 430/1/41 438/2/41 443/3/41 433/4/41
f 437/5/42 434/6/42 444/7/42 446/8/42
f 441/9/27 439/10/27 429/11/27 432/12/27
f 442/13/28 431/14/28 436/15/28 445/16/28
f 428/17/29 429/17/29 430/18/29
f 459/19/60 431/20/60 432/20/60
f 433/21/31 434/21/31 435/22/31
f 436/15/32 466/23/32 437/24/32
f 438/25/43 439/25/43 440/26/43
f 425/27/44 441/28/44 442/28/44
f 443/29/61 426/30/61 444/31/61
f 445/16/46 446/32/46 427/33/46
f 444/7/33 434/6/33 433/21/33 443/34/33
f 437/24/47 446/32/47 445/16/47 436/15/47
f 432/12/34 429/11/34 428/17/34 459/35/34
f 438/25/35 430/18/35 429/11/35 439/10/35
f 446/8/48 444/7/48 426/36/48 427/37/48
f 427/33/49 425/38/49 442/13/49 445/16/49
f 441/9/36 432/12/36 431/39/36 442/28/36
f 434/6/37 437/5/37 466/40/37 435/22/37
f 439/10/50 441/9/50 425/27/50 440/26/50
f 430/41/38 433/42/38 435/43/38 428/44/38
f 459/19/39 466/23/39 436/15/39 431/14/39
f 443/29/51 438/45/51 440/46/51 426/47/51
f 459/48/40 428/44/40 435/43/40 466/49/40
f 448/1/41 457/2/41 462/3/41 452/4/41
f 456/5/42 453/6/42 463/7/42 465/8/42
f 460/9/27 458/10/27 447/11/27 451/12/27
f 461/13/28 450/14/28 455/15/28 464/16/28
f 477/17/29 447/17/29 448/18/29
f 449/19/30 450/20/30 451/20/30
f 452/21/31 453/21/31 454/22/31
f 455/15/32 484/23/32 456/24/32
f 457/25/43 458/25/43 428/26/43
f 459/27/44 460/28/44 461/28/44
f 462/29/45 435/30/45 463/31/45
f 464/16/46 465/32/46 466/33/46
f 463/7/33 453/6/33 452/21/33 462/34/33
f 456/24/47 465/32/47 464/16/47 455/15/47
f 451/12/34 447/11/34 477/17/34 449/35/34
f 457/25/35 448/18/35 447/11/35 458/10/35
f 465/8/48 463/7/48 435/36/48 466/37/48
f 466/33/49 459/38/49 461/13/49 464/16/49
f 460/9/36 451/12/36 450/39/36 461/28/36
f 453/6/37 456/5/37 484/40/37 454/22/37
f 458/10/50 460/9/50 459/27/50 428/26/50
f 448/41/38 452/42/38 454/43/38 477/44/38
f 449/19/39 484/23/39 455/15/39 450/14/39
f 462/29/51 457/45/51 428/46/51 435/47/51
f 449/48/52 484/49/52 454/43/52 477/44/52
f 488/58/40 486/59/40 485/46/40 487/47/40
f 647/50/27 646/51/27 490/11/27 493/12/27
f 648/52/28 492/14/28 497/15/28 644/53/28
f 489/17/29 490/17/29 491/18/29
f 510/19/30 492/20/30 493/20/30
f 494/21/31 495/21/31 496/22/31
f 497/15/32 517/23/32 498/24/32
f 641/54/33 495/6/33 494/21/33 642/55/33
f 493/12/34 490/11/34 489/17/34 510/35/34
f 645/56/35 491/18/35 490/11/35 646/51/35
f 647/50/36 493/12/36 492/39/36 648/57/36
f 495/6/37 498/5/37 517/40/37 496/22/37
f 491/41/38 494/42/38 496/43/38 489/44/38
f 510/19/39 517/23/39 497/15/39 492/14/39
f 510/48/40 489/44/40 496/43/40 517/49/40
f 520/1/41 528/2/41 534/3/41 524/4/41
f 527/5/42 525/6/42 536/7/42 538/8/42
f 532/9/27 529/10/27 519/11/27 523/12/27
f 533/13/28 522/14/28 526/15/28 537/16/28
f 518/17/29 519/17/29 520/18/29
f 521/19/60 522/20/60 523/20/60
f 524/21/31 525/21/31 552/22/31
f 526/15/32 556/23/32 527/24/32
f 528/25/43 529/25/43 530/26/43
f 531/27/44 532/28/44 533/28/44
f 534/29/45 535/30/45 536/31/45
f 537/16/46 538/32/46 506/33/46
f 536/7/33 525/6/33 524/21/33 534/34/33
f 527/24/47 538/32/47 537/16/47 526/15/47
f 523/12/63 519/11/63 518/17/63 521/35/63
f 528/25/35 520/18/35 519/11/35 529/10/35
f 538/8/48 536/7/48 535/36/48 506/37/48
f 506/33/49 531/38/49 533/13/49 537/16/49
f 532/9/36 523/12/36 522/39/36 533/28/36
f 525/6/37 527/5/37 556/40/37 552/22/37
f 529/10/50 532/9/50 531/27/50 530/26/50
f 520/41/38 524/42/38 552/43/38 518/44/38
f 521/19/39 556/23/39 526/15/39 522/14/39
f 534/29/51 528/45/51 530/46/51 535/47/51
f 521/48/52 556/49/52 552/43/52 518/44/52
f 540/1/41 547/2/41 551/3/41 543/4/41
f 546/5/42 544/6/42 553/7/42 555/8/42
f 549/9/27 548/10/27 539/11/27 542/12/27
f 550/13/28 541/14/28 545/15/28 554/16/28
f 547/25/43 548/25/43 518/26/43
f 521/27/56 549/28/56 550/28/56
f 551/29/45 552/30/45 553/31/45
f 554/16/46 555/32/46 556/33/46
f 553/7/33 544/6/33 543/21/33 551/34/33
f 546/24/47 555/32/47 554/16/47 545/15/47
f 547/25/35 540/18/35 539/11/35 548/10/35
f 555/8/48 553/7/48 552/36/48 556/37/48
f 556/33/49 521/38/49 550/13/49 554/16/49
f 549/9/36 542/12/36 541/39/36 550/28/36
f 548/10/50 549/9/50 521/27/50 518/26/50
f 551/29/51 547/45/51 518/46/51 552/47/51
f 579/1/41 587/2/41 592/3/41 583/4/41
f 586/5/42 584/6/42 594/7/42 596/8/42
f 590/9/27 588/10/27 578/11/27 582/12/27
f 591/13/28 581/14/28 585/15/28 595/16/28
f 610/17/29 578/17/29 579/18/29
f 580/19/60 581/20/60 582/20/60
f 583/21/31 584/21/31 614/22/31
f 585/15/32 618/23/32 586/24/32
f 587/25/43 588/25/43 589/26/43
f 561/27/56 590/28/56 591/28/56
f 592/29/45 593/30/45 594/31/45
f 595/16/46 596/32/46 597/33/46
f 594/7/33 584/6/33 583/21/33 592/34/33
f 586/24/47 596/32/47 595/16/47 585/15/47
f 582/12/63 578/11/63 610/17/63 580/35/63
f 587/25/35 579/18/35 578/11/35 588/10/35
f 596/8/48 594/7/48 593/36/48 597/37/48
f 597/33/49 561/38/49 591/13/49 595/16/49
f 590/9/36 582/12/36 581/39/36 591/28/36
f 584/6/37 586/5/37 618/40/37 614/22/37
f 588/10/57 590/9/57 561/27/57 589/26/57
f 579/41/38 583/42/38 614/43/38 610/44/38
f 580/19/39 618/23/39 585/15/39 581/14/39
f 592/29/51 587/45/51 589/46/51 593/47/51
f 580/48/40 610/44/40 614/43/40 618/49/40
f 599/1/41 608/2/41 613/3/41 602/4/41
f 607/5/42 603/6/42 615/7/42 617/8/42
f 611/9/27 609/10/27 598/11/27 601/12/27
f 612/13/28 600/14/28 605/15/28 616/16/28
f 633/17/59 598/17/59 599/18/59
f 634/19/30 600/20/30 601/20/30
f 602/21/31 603/21/31 604/22/31
f 605/15/32 606/23/32 607/24/32
f 608/25/55 609/25/55 610/26/55
f 580/27/56 611/28/56 612/28/56
f 613/29/62 614/30/62 615/31/62
f 616/16/46 617/32/46 618/33/46
f 615/7/33 603/6/33 602/21/33 613/34/33
f 607/24/47 617/32/47 616/16/47 605/15/47
f 601/12/34 598/11/34 633/17/34 634/35/34
f 608/25/35 599/18/35 598/11/35 609/10/35
f 617/8/48 615/7/48 614/36/48 618/37/48
f 618/33/49 580/38/49 612/13/49 616/16/49
f 611/9/36 601/12/36 600/39/36 612/28/36
f 603/6/37 607/5/37 606/40/37 604/22/37
f 609/10/50 611/9/50 580/27/50 610/26/50
f 599/41/38 602/42/38 604/43/38 633/44/38
f 634/19/39 606/23/39 605/15/39 600/14/39
f 613/29/51 608/45/51 610/46/51 614/47/51
f 634/48/40 633/44/40 604/43/40 606/49/40
f 621/1/41 631/2/41 637/3/41 625/4/41
f 630/5/42 626/6/42 638/7/42 640/8/42
f 635/9/27 632/10/27 620/11/27 624/12/27
f 636/13/28 623/14/28 628/15/28 639/16/28
f 619/17/59 620/17/59 621/18/59
f 622/19/30 623/20/30 624/20/30
f 625/21/64 626/21/64 627/22/64
f 628/15/32 629/23/32 630/24/32
f 631/25/55 632/25/55 633/26/55
f 634/27/56 635/28/56 636/28/56
f 637/29/45 604/30/45 638/31/45
f 639/16/46 640/32/46 606/33/46
f 638/7/33 626/6/33 625/21/33 637/34/33
f 630/24/47 640/32/47 639/16/47 628/15/47
f 624/12/34 620/11/34 619/17/34 622/35/34
f 631/25/35 621/18/35 620/11/35 632/10/35
f 640/8/48 638/7/48 604/36/48 606/37/48
f 606/33/49 634/38/49 636/13/49 639/16/49
f 635/9/36 624/12/36 623/39/36 636/28/36
f 626/6/37 630/5/37 629/40/37 627/22/37
f 632/10/57 635/9/57 634/27/57 633/26/57
f 621/41/38 625/42/38 627/43/38 619/44/38
f 622/19/39 629/23/39 628/15/39 623/14/39
f 637/29/51 631/45/51 633/46/51 604/47/51
f 622/48/40 619/44/40 627/43/40 629/49/40
f 96/47/52 91/46/52 92/27/52 100/33/52
f 193/46/52 194/38/52 215/37/52 195/47/52
f 427/33/52 426/47/52 440/26/52 425/38/52
f 498/24/47 643/60/47 644/53/47 497/15/47
f 498/5/42 495/6/42 641/54/42 643/61/42
f 491/1/41 645/62/41 642/63/41 494/4/41
f 382/24/47 651/60/47 652/53/47 381/15/47
f 382/5/42 380/6/42 649/54/42 651/61/42
f 375/1/41 653/62/41 650/63/41 379/4/41
f 266/24/47 659/60/47 660/53/47 265/15/47
f 672/57/52 669/56/52 670/51/52 671/50/52
f 669/62/52 672/52/52 668/53/52 666/63/52
f 266/5/42 263/6/42 657/54/42 659/61/42
f 258/1/41 661/62/41 658/63/41 262/4/41
f 668/53/52 667/60/52 665/54/52 666/55/52
f 663/50/52 664/52/52 661/56/52 662/51/52
f 152/24/47 667/60/47 668/53/47 150/15/47
f 660/53/52 658/55/52 661/62/52 664/52/52
f 660/53/52 659/61/52 657/54/52 658/55/52
f 655/50/52 656/52/52 653/56/52 654/51/52
f 152/5/42 148/6/42 665/54/42 667/61/42
f 143/1/41 669/62/41 666/63/41 147/4/41
f 652/53/52 650/55/52 653/62/52 656/52/52
f 652/53/52 651/61/52 649/54/52 650/55/52
f 647/50/52 648/52/52 645/56/52 646/51/52
f 644/53/52 642/55/52 645/62/52 648/52/52
f 644/53/52 643/61/52 641/54/52 642/55/52
f 543/21/40 544/6/40 546/24/40 545/15/40
f 540/1/40 543/21/40 545/15/40 541/14/40
f 539/11/40 540/1/40 541/39/40 542/12/40
f 683/1/41 692/2/41 696/3/41 687/4/41
f 691/5/42 688/6/42 697/7/42 699/8/42
f 694/9/27 693/10/27 682/11/27 686/12/27
f 695/13/28 685/14/28 690/15/28 698/16/28
f 681/17/29 682/17/29 683/18/29
f 684/19/30 685/20/30 686/20/30
f 687/21/31 688/21/31 689/22/31
f 690/15/32 718/23/32 691/24/32
f 697/7/33 688/6/33 687/21/33 696/34/33
f 691/24/47 699/32/47 698/16/47 690/15/47
f 686/12/34 682/11/34 681/17/34 684/35/34
f 692/25/35 683/18/35 682/11/35 693/10/35
f 694/9/36 686/12/36 685/39/36 695/28/36
f 688/6/37 691/5/37 718/40/37 689/22/37
f 683/41/38 687/42/38 689/43/38 681/44/38
f 684/19/39 718/23/39 690/15/39 685/14/39
f 703/48/52 739/49/52 735/43/52 700/44/52
f 721/1/41 730/2/41 734/3/41 724/4/41
f 729/5/42 725/6/42 736/7/42 738/8/42
f 732/9/27 731/10/27 720/11/27 723/12/27
f 733/13/28 722/14/28 727/15/28 737/16/28
f 719/17/29 720/17/29 721/18/29
f 742/19/30 722/20/30 723/20/30
f 724/21/31 725/21/31 726/22/31
f 727/15/32 728/23/32 729/24/32
f 730/25/43 731/25/43 700/26/43
f 703/27/44 732/28/44 733/28/44
f 734/29/45 735/30/45 736/31/45
f 737/16/46 738/32/46 739/33/46
f 736/7/33 725/6/33 724/21/33 734/34/33
f 729/24/47 738/32/47 737/16/47 727/15/47
f 723/12/34 720/11/34 719/17/34 742/35/34
f 730/25/35 721/18/35 720/11/35 731/10/35
f 738/8/48 736/7/48 735/36/48 739/37/48
f 739/33/49 703/38/49 733/13/49 737/16/49
f 732/9/36 723/12/36 722/39/36 733/28/36
f 725/6/37 729/5/37 728/40/37 726/22/37
f 731/10/50 732/9/50 703/27/50 700/26/50
f 721/41/38 724/42/38 726/43/38 719/44/38
f 742/19/39 728/23/39 727/15/39 722/14/39
f 734/29/51 730/45/51 700/46/51 735/47/51
f 742/48/52 728/49/52 726/43/52 719/44/52
f 750/48/52 752/49/52 751/43/52 749/44/52
f 754/1/41 763/2/41 767/3/41 758/4/41
f 762/5/42 759/6/42 768/7/42 770/8/42
f 765/9/27 764/10/27 753/11/27 757/12/27
f 766/13/28 756/14/28 761/15/28 769/16/28
f 783/17/29 753/17/29 754/18/29
f 755/19/30 756/20/30 757/20/30
f 758/21/31 759/21/31 760/22/31
f 761/15/65 790/23/65 762/24/65
f 763/25/43 764/25/43 749/26/43
f 750/27/44 765/28/44 766/28/44
f 767/29/45 751/30/45 768/31/45
f 769/16/46 770/32/46 752/33/46
f 768/7/33 759/6/33 758/21/33 767/34/33
f 762/24/47 770/32/47 769/16/47 761/15/47
f 757/12/34 753/11/34 783/17/34 755/35/34
f 763/25/35 754/18/35 753/11/35 764/10/35
f 770/8/48 768/7/48 751/36/48 752/37/48
f 752/33/49 750/38/49 766/13/49 769/16/49
f 765/9/36 757/12/36 756/39/36 766/28/36
f 759/6/37 762/5/37 790/40/37 760/22/37
f 764/10/50 765/9/50 750/27/50 749/26/50
f 754/41/38 758/42/38 760/43/38 783/44/38
f 755/19/39 790/23/39 761/15/39 756/14/39
f 767/29/51 763/45/51 749/46/51 751/47/51
f 755/48/52 790/49/52 760/43/52 783/44/52
f 793/1/41 803/2/41 809/3/41 797/4/41
f 802/5/42 798/6/42 810/7/42 812/8/42
f 807/9/27 804/10/27 792/11/27 796/12/27
f 808/13/28 795/14/28 800/15/28 811/16/28
f 791/17/59 792/17/59 793/18/59
f 794/19/30 795/20/30 796/20/30
f 797/21/31 798/21/31 799/22/31
f 800/15/32 801/23/32 802/24/32
f 803/25/43 804/25/43 805/26/43
f 806/27/44 807/28/44 808/28/44
f 809/29/45 777/30/45 810/31/45
f 811/16/46 812/32/46 779/33/46
f 810/7/33 798/6/33 797/21/33 809/34/33
f 802/24/47 812/32/47 811/16/47 800/15/47
f 796/12/34 792/11/34 791/17/34 794/35/34
f 803/25/35 793/18/35 792/11/35 804/10/35
f 812/8/48 810/7/48 777/36/48 779/37/48
f 779/33/49 806/38/49 808/13/49 811/16/49
f 807/9/36 796/12/36 795/39/36 808/28/36
f 798/6/37 802/5/37 801/40/37 799/22/37
f 804/10/50 807/9/50 806/27/50 805/26/50
f 793/41/38 797/42/38 799/43/38 791/44/38
f 794/19/39 801/23/39 800/15/39 795/14/39
f 809/29/51 803/45/51 805/46/51 777/47/51
f 794/48/40 791/44/40 799/43/40 801/49/40
f 832/1/41 841/2/41 847/3/41 836/4/41
f 840/5/42 837/6/42 849/7/42 851/8/42
f 845/9/27 842/10/27 831/11/27 835/12/27
f 846/13/28 834/14/28 838/15/28 850/16/28
f 830/17/29 831/17/29 832/18/29
f 833/19/30 834/20/30 835/20/30
f 836/21/31 837/21/31 866/22/31
f 838/15/32 839/23/32 840/24/32
f 841/25/53 842/25/53 843/26/53
f 844/27/44 845/28/44 846/28/44
f 847/29/45 848/30/45 849/31/45
f 850/16/46 851/32/46 820/33/46
f 849/7/33 837/6/33 836/21/33 847/34/33
f 840/24/47 851/32/47 850/16/47 838/15/47
f 835/12/34 831/11/34 830/17/34 833/35/34
f 841/25/35 832/18/35 831/11/35 842/10/35
f 851/8/48 849/7/48 848/36/48 820/37/48
f 820/33/49 844/38/49 846/13/49 850/16/49
f 845/9/36 835/12/36 834/39/36 846/28/36
f 837/6/37 840/5/37 839/40/37 866/22/37
f 842/10/50 845/9/50 844/27/50 843/26/50
f 832/41/38 836/42/38 866/43/38 830/44/38
f 833/19/39 839/23/39 838/15/39 834/14/39
f 847/29/51 841/45/51 843/46/51 848/47/51
f 833/48/52 839/49/52 866/43/52 830/44/52
f 853/1/41 861/2/41 865/3/41 857/4/41
f 860/5/42 858/6/42 867/7/42 869/8/42
f 863/9/27 862/10/27 852/11/27 856/12/27
f 864/13/28 855/14/28 859/15/28 868/16/28
f 872/17/29 852/17/29 853/18/29
f 854/19/30 855/20/30 856/20/30
f 857/21/31 858/21/31 876/22/31
f 859/15/32 880/23/32 860/24/32
f 861/25/43 862/25/43 830/26/43
f 833/27/44 863/28/44 864/28/44
f 865/29/45 866/30/45 867/31/45
f 868/16/46 869/32/46 839/33/46
f 867/7/33 858/6/33 857/21/33 865/34/33
f 860/24/47 869/32/47 868/16/47 859/15/47
f 856/12/34 852/11/34 872/17/34 854/35/34
f 861/25/35 853/18/35 852/11/35 862/10/35
f 869/8/48 867/7/48 866/36/48 839/37/48
f 839/33/49 833/38/49 864/13/49 868/16/49
f 863/9/36 856/12/36 855/39/36 864/28/36
f 858/6/37 860/5/37 880/40/37 876/22/37
f 862/10/50 863/9/50 833/27/50 830/26/50
f 853/41/38 857/42/38 876/43/38 872/44/38
f 854/19/39 880/23/39 859/15/39 855/14/39
f 865/29/51 861/45/51 830/46/51 866/47/51
f 854/48/52 880/49/52 876/43/52 872/44/52
f 1409/62/41 870/2/41 875/3/41 1406/63/41
f 1407/61/42 1405/54/42 877/7/42 879/8/42
f 870/25/43 871/25/43 872/26/43
f 854/27/44 873/28/44 874/28/44
f 875/29/45 876/30/45 877/31/45
f 878/16/46 879/32/46 880/33/46
f 1407/60/47 879/32/47 878/16/47 1408/53/47
f 879/8/48 877/7/48 876/36/48 880/37/48
f 880/33/49 854/38/49 874/13/49 878/16/49
f 871/10/50 873/9/50 854/27/50 872/26/50
f 875/29/51 870/45/51 872/46/51 876/47/51
f 885/1/41 893/2/41 898/3/41 888/4/41
f 892/5/42 889/6/42 899/7/42 901/8/42
f 896/9/27 894/10/27 884/11/27 887/12/27
f 897/13/28 886/14/28 891/15/28 900/16/28
f 913/17/29 884/17/29 885/18/29
f 914/19/30 886/20/30 887/20/30
f 888/21/31 889/21/31 890/22/31
f 891/15/32 921/23/32 892/24/32
f 893/25/43 894/25/43 881/26/43
f 895/27/44 896/28/44 897/28/44
f 898/29/45 882/30/45 899/31/45
f 900/16/46 901/32/46 883/33/46
f 899/7/33 889/6/33 888/21/33 898/34/33
f 892/24/47 901/32/47 900/16/47 891/15/47
f 887/12/34 884/11/34 913/17/34 914/35/34
f 893/25/35 885/18/35 884/11/35 894/10/35
f 901/8/48 899/7/48 882/36/48 883/37/48
f 883/33/49 895/38/49 897/13/49 900/16/49
f 896/9/36 887/12/36 886/39/36 897/28/36
f 889/6/37 892/5/37 921/40/37 890/22/37
f 894/10/50 896/9/50 895/27/50 881/26/50
f 885/41/38 888/42/38 890/43/38 913/44/38
f 914/19/39 921/23/39 891/15/39 886/14/39
f 898/29/51 893/45/51 881/46/51 882/47/51
f 914/48/52 921/49/52 890/43/52 913/44/52
f 966/1/41 975/2/41 979/3/41 969/4/41
f 974/5/42 970/6/42 980/7/42 982/8/42
f 977/9/27 976/10/27 965/11/27 968/12/27
f 978/13/28 967/14/28 972/15/28 981/16/28
f 964/17/29 965/17/29 966/18/29
f 995/19/30 967/20/30 968/20/30
f 969/21/58 970/21/58 971/22/58
f 972/15/32 973/23/32 974/24/32
f 975/25/53 976/25/53 945/26/53
f 948/27/44 977/28/44 978/28/44
f 979/29/45 953/30/45 980/31/45
f 981/16/46 982/32/46 983/33/46
f 980/7/33 970/6/33 969/21/33 979/34/33
f 974/24/47 982/32/47 981/16/47 972/15/47
f 968/12/34 965/11/34 964/17/34 995/35/34
f 975/25/35 966/18/35 965/11/35 976/10/35
f 982/8/48 980/7/48 953/36/48 983/37/48
f 983/33/49 948/38/49 978/13/49 981/16/49
f 977/9/36 968/12/36 967/39/36 978/28/36
f 970/6/37 974/5/37 973/40/37 971/22/37
f 976/10/50 977/9/50 948/27/50 945/26/50
f 966/41/38 969/42/38 971/43/38 964/44/38
f 995/19/39 973/23/39 972/15/39 967/14/39
f 979/29/51 975/45/51 945/46/51 953/47/51
f 995/48/40 964/44/40 971/43/40 973/49/40
f 985/1/41 993/2/41 998/3/41 988/4/41
f 992/5/42 989/6/42 999/7/42 1001/8/42
f 996/9/27 994/10/27 984/11/27 987/12/27
f 997/13/28 986/14/28 991/15/28 1000/16/28
f 1004/17/54 984/17/54 985/18/54
f 1005/19/30 986/20/30 987/20/30
f 988/21/31 989/21/31 990/22/31
f 991/15/32 1012/23/32 992/24/32
f 993/25/43 994/25/43 964/26/43
f 995/27/44 996/28/44 997/28/44
f 998/29/45 971/30/45 999/31/45
f 1000/16/46 1001/32/46 973/33/46
f 999/7/33 989/6/33 988/21/33 998/34/33
f 992/24/47 1001/32/47 1000/16/47 991/15/47
f 987/12/34 984/11/34 1004/17/34 1005/35/34
f 993/25/35 985/18/35 984/11/35 994/10/35
f 1001/8/48 999/7/48 971/36/48 973/37/48
f 973/33/49 995/38/49 997/13/49 1000/16/49
f 996/9/36 987/12/36 986/39/36 997/28/36
f 989/6/37 992/5/37 1012/40/37 990/22/37
f 994/10/50 996/9/50 995/27/50 964/26/50
f 985/41/38 988/42/38 990/43/38 1004/44/38
f 1005/19/39 1012/23/39 991/15/39 986/14/39
f 998/29/51 993/45/51 964/46/51 971/47/51
f 1005/48/40 1004/44/40 990/43/40 1012/49/40
f 1401/62/41 1002/2/41 1008/3/41 1398/63/41
f 1399/61/42 1397/54/42 1009/7/42 1011/8/42
f 1002/25/43 1003/25/43 1004/26/43
f 1005/27/44 1006/28/44 1007/28/44
f 1008/29/45 990/30/45 1009/31/45
f 1010/16/46 1011/32/46 1012/33/46
f 1399/60/47 1011/32/47 1010/16/47 1400/53/47
f 1011/8/48 1009/7/48 990/36/48 1012/37/48
f 1012/33/49 1005/38/49 1007/13/49 1010/16/49
f 1003/10/50 1006/9/50 1005/27/50 1004/26/50
f 1008/29/51 1002/45/51 1004/46/51 990/47/51
f 1018/1/41 1027/2/41 1032/3/41 1022/4/41
f 1026/5/42 1023/6/42 1033/7/42 1035/8/42
f 1030/9/27 1028/10/27 1017/11/27 1021/12/27
f 1031/13/28 1020/14/28 1025/15/28 1034/16/28
f 1016/17/29 1017/17/29 1018/18/29
f 1019/19/30 1020/20/30 1021/20/30
f 1022/21/58 1023/21/58 1024/22/58
f 1025/15/32 1053/23/32 1026/24/32
f 1027/25/43 1028/25/43 1029/26/43
f 1013/27/44 1030/28/44 1031/28/44
f 1032/29/45 1014/30/45 1033/31/45
f 1034/16/46 1035/32/46 1015/33/46
f 1033/7/33 1023/6/33 1022/21/33 1032/34/33
f 1026/24/47 1035/32/47 1034/16/47 1025/15/47
f 1021/12/34 1017/11/34 1016/17/34 1019/35/34
f 1027/25/35 1018/18/35 1017/11/35 1028/10/35
f 1035/8/48 1033/7/48 1014/36/48 1015/37/48
f 1015/33/49 1013/38/49 1031/13/49 1034/16/49
f 1030/9/36 1021/12/36 1020/39/36 1031/28/36
f 1023/6/37 1026/5/37 1053/40/37 1024/22/37
f 1028/10/50 1030/9/50 1013/27/50 1029/26/50
f 1018/41/38 1022/42/38 1024/43/38 1016/44/38
f 1019/19/39 1053/23/39 1025/15/39 1020/14/39
f 1032/29/51 1027/45/51 1029/46/51 1014/47/51
f 1019/48/40 1016/44/40 1024/43/40 1053/49/40
f 1037/1/41 1045/2/41 1049/3/41 1041/4/41
f 1044/5/42 1042/6/42 1050/7/42 1052/8/42
f 1047/9/27 1046/10/27 1036/11/27 1040/12/27
f 1048/13/28 1039/14/28 1043/15/28 1051/16/28
f 1068/17/29 1036/17/29 1037/18/29
f 1038/19/30 1039/20/30 1040/20/30
f 1041/21/31 1042/21/31 1072/22/31
f 1043/15/32 1076/23/32 1044/24/32
f 1045/25/43 1046/25/43 1016/26/43
f 1019/27/44 1047/28/44 1048/28/44
f 1049/29/45 1024/30/45 1050/31/45
f 1051/16/46 1052/32/46 1053/33/46
f 1050/7/33 1042/6/33 1041/21/33 1049/34/33
f 1044/24/47 1052/32/47 1051/16/47 1043/15/47
f 1040/12/34 1036/11/34 1068/17/34 1038/35/34
f 1045/25/35 1037/18/35 1036/11/35 1046/10/35
f 1052/8/48 1050/7/48 1024/36/48 1053/37/48
f 1053/33/49 1019/38/49 1048/13/49 1051/16/49
f 1047/9/36 1040/12/36 1039/39/36 1048/28/36
f 1042/6/37 1044/5/37 1076/40/37 1072/22/37
f 1046/10/50 1047/9/50 1019/27/50 1016/26/50
f 1037/41/38 1041/42/38 1072/43/38 1068/44/38
f 1038/19/39 1076/23/39 1043/15/39 1039/14/39
f 1049/29/51 1045/45/51 1016/46/51 1024/47/51
f 1056/1/41 1066/2/41 1071/3/41 1060/4/41
f 1065/5/42 1061/6/42 1073/7/42 1075/8/42
f 1069/9/27 1067/10/27 1055/11/27 1059/12/27
f 1070/13/28 1058/14/28 1063/15/28 1074/16/28
f 1054/17/29 1055/17/29 1056/18/29
f 1057/19/30 1058/20/30 1059/20/30
f 1060/21/31 1061/21/31 1062/22/31
f 1063/15/32 1064/23/32 1065/24/32
f 1066/25/43 1067/25/43 1068/26/43
f 1038/27/44 1069/28/44 1070/28/44
f 1071/29/45 1072/30/45 1073/31/45
f 1074/16/46 1075/32/46 1076/33/46
f 1073/7/33 1061/6/33 1060/21/33 1071/34/33
f 1065/24/47 1075/32/47 1074/16/47 1063/15/47
f 1059/12/34 1055/11/34 1054/17/34 1057/35/34
f 1066/25/35 1056/18/35 1055/11/35 1067/10/35
f 1075/8/48 1073/7/48 1072/36/48 1076/37/48
f 1076/33/49 1038/38/49 1070/13/49 1074/16/49
f 1069/9/36 1059/12/36 1058/39/36 1070/28/36
f 1061/6/37 1065/5/37 1064/40/37 1062/22/37
f 1067/10/50 1069/9/50 1038/27/50 1068/26/50
f 1056/41/38 1060/42/38 1062/43/38 1054/44/38
f 1057/19/39 1064/23/39 1063/15/39 1058/14/39
f 1071/29/51 1066/45/51 1068/46/51 1072/47/51
f 1057/48/40 1054/44/40 1062/43/40 1064/49/40
f 1079/1/41 1088/2/41 1092/3/41 1083/4/41
f 1087/5/42 1084/6/42 1093/7/42 1095/8/42
f 1090/9/27 1089/10/27 1078/11/27 1082/12/27
f 1091/13/28 1081/14/28 1086/15/28 1094/16/28
f 1077/17/29 1078/17/29 1079/18/29
f 1080/19/30 1081/20/30 1082/20/30
f 1083/21/31 1084/21/31 1085/22/31
f 1086/15/32 1113/23/32 1087/24/32
f 1093/7/33 1084/6/33 1083/21/33 1092/34/33
f 1087/24/47 1095/32/47 1094/16/47 1086/15/47
f 1082/12/34 1078/11/34 1077/17/34 1080/35/34
f 1088/25/35 1079/18/35 1078/11/35 1089/10/35
f 1090/9/36 1082/12/36 1081/39/36 1091/28/36
f 1084/6/37 1087/5/37 1113/40/37 1085/22/37
f 1079/41/38 1083/42/38 1085/43/38 1077/44/38
f 1080/19/39 1113/23/39 1086/15/39 1081/14/39
f 1080/48/40 1077/44/40 1085/43/40 1113/49/40
f 1116/1/41 1125/2/41 1130/3/41 1120/4/41
f 1124/5/42 1121/6/42 1132/7/42 1134/8/42
f 1128/9/27 1126/10/27 1115/11/27 1119/12/27
f 1129/13/28 1118/14/28 1123/15/28 1133/16/28
f 1114/17/29 1115/17/29 1116/18/29
f 1117/19/30 1118/20/30 1119/20/30
f 1120/21/31 1121/21/31 1122/22/31
f 1123/15/32 1144/23/32 1124/24/32
f 1125/25/43 1126/25/43 1127/26/43
f 1098/27/66 1128/28/66 1129/28/66
f 1130/29/45 1131/30/45 1132/31/45
f 1133/16/46 1134/32/46 1135/33/46
f 1132/7/33 1121/6/33 1120/21/33 1130/34/33
f 1124/24/47 1134/32/47 1133/16/47 1123/15/47
f 1119/12/34 1115/11/34 1114/17/34 1117/35/34
f 1125/25/35 1116/18/35 1115/11/35 1126/10/35
f 1134/8/48 1132/7/48 1131/36/48 1135/37/48
f 1135/33/49 1098/38/49 1129/13/49 1133/16/49
f 1128/9/36 1119/12/36 1118/39/36 1129/28/36
f 1121/6/37 1124/5/37 1144/40/37 1122/22/37
f 1126/10/50 1128/9/50 1098/27/50 1127/26/50
f 1116/41/38 1120/42/38 1122/43/38 1114/44/38
f 1117/19/39 1144/23/39 1123/15/39 1118/14/39
f 1130/29/51 1125/45/51 1127/46/51 1131/47/51
f 1117/48/40 1114/44/40 1122/43/40 1144/49/40
f 1393/62/41 1136/2/41 1140/3/41 1390/63/41
f 1391/61/42 1389/54/42 1141/7/42 1143/8/42
f 1136/25/43 1137/25/43 1114/26/43
f 1117/27/44 1138/28/44 1139/28/44
f 1140/29/45 1122/30/45 1141/31/45
f 1142/16/46 1143/32/46 1144/33/46
f 1391/60/47 1143/32/47 1142/16/47 1392/53/47
f 1143/8/48 1141/7/48 1122/36/48 1144/37/48
f 1144/33/49 1117/38/49 1139/13/49 1142/16/49
f 1137/10/50 1138/9/50 1117/27/50 1114/26/50
f 1140/29/51 1136/45/51 1114/46/51 1122/47/51
f 1150/1/41 1158/2/41 1163/3/41 1153/4/41
f 1157/5/42 1154/6/42 1164/7/42 1166/8/42
f 1161/9/27 1159/10/27 1149/11/27 1152/12/27
f 1162/13/28 1151/14/28 1156/15/28 1165/16/28
f 1148/17/29 1149/17/29 1150/18/29
f 1179/19/67 1151/20/67 1152/20/67
f 1153/21/31 1154/21/31 1155/22/31
f 1156/15/32 1186/23/32 1157/24/32
f 1158/25/43 1159/25/43 1160/26/43
f 1145/27/44 1161/28/44 1162/28/44
f 1163/29/45 1146/30/45 1164/31/45
f 1165/16/46 1166/32/46 1147/33/46
f 1164/7/33 1154/6/33 1153/21/33 1163/34/33
f 1157/24/47 1166/32/47 1165/16/47 1156/15/47
f 1152/12/34 1149/11/34 1148/17/34 1179/35/34
f 1158/25/35 1150/18/35 1149/11/35 1159/10/35
f 1166/8/48 1164/7/48 1146/36/48 1147/37/48
f 1147/33/49 1145/38/49 1162/13/49 1165/16/49
f 1161/9/36 1152/12/36 1151/39/36 1162/28/36
f 1154/6/37 1157/5/37 1186/40/37 1155/22/37
f 1159/10/57 1161/9/57 1145/27/57 1160/26/57
f 1150/41/38 1153/42/38 1155/43/38 1148/44/38
f 1179/19/39 1186/23/39 1156/15/39 1151/14/39
f 1163/29/51 1158/45/51 1160/46/51 1146/47/51
f 1179/48/40 1148/44/40 1155/43/40 1186/49/40
f 1168/1/41 1177/2/41 1182/3/41 1172/4/41
f 1176/5/42 1173/6/42 1183/7/42 1185/8/42
f 1180/9/27 1178/10/27 1167/11/27 1171/12/27
f 1181/13/28 1170/14/28 1175/15/28 1184/16/28
f 1197/17/59 1167/17/59 1168/18/59
f 1169/19/30 1170/20/30 1171/20/30
f 1172/21/31 1173/21/31 1174/22/31
f 1175/15/65 1204/23/65 1176/24/65
f 1177/25/43 1178/25/43 1148/26/43
f 1179/27/44 1180/28/44 1181/28/44
f 1182/29/45 1155/30/45 1183/31/45
f 1184/16/46 1185/32/46 1186/33/46
f 1183/7/33 1173/6/33 1172/21/33 1182/34/33
f 1176/24/47 1185/32/47 1184/16/47 1175/15/47
f 1171/12/34 1167/11/34 1197/17/34 1169/35/34
f 1177/25/35 1168/18/35 1167/11/35 1178/10/35
f 1185/8/48 1183/7/48 1155/36/48 1186/37/48
f 1186/33/49 1179/38/49 1181/13/49 1184/16/49
f 1180/9/36 1171/12/36 1170/39/36 1181/28/36
f 1173/6/37 1176/5/37 1204/40/37 1174/22/37
f 1178/10/50 1180/9/50 1179/27/50 1148/26/50
f 1168/41/38 1172/42/38 1174/43/38 1197/44/38
f 1169/19/39 1204/23/39 1175/15/39 1170/14/39
f 1182/29/51 1177/45/51 1148/46/51 1155/47/51
f 1169/48/52 1204/49/52 1174/43/52 1197/44/52
f 1207/1/41 1217/2/41 1223/3/41 1211/4/41
f 1216/5/42 1212/6/42 1225/7/42 1227/8/42
f 1228/58/52 1224/47/52 1219/46/52 1220/59/52
f 1221/9/27 1218/10/27 1206/11/27 1210/12/27
f 1222/13/28 1209/14/28 1214/15/28 1226/16/28
f 1205/17/29 1206/17/29 1207/18/29
f 1208/19/67 1209/20/67 1210/20/67
f 1211/21/31 1212/21/31 1213/22/31
f 1214/15/32 1215/23/32 1216/24/32
f 1217/25/43 1218/25/43 1219/26/43
f 1220/27/56 1221/28/56 1222/28/56
f 1223/29/45 1224/30/45 1225/31/45
f 1226/16/46 1227/32/46 1228/33/46
f 1225/7/33 1212/6/33 1211/21/33 1223/34/33
f 1216/24/47 1227/32/47 1226/16/47 1214/15/47
f 1210/12/34 1206/11/34 1205/17/34 1208/35/34
f 1217/25/35 1207/18/35 1206/11/35 1218/10/35
f 1227/8/48 1225/7/48 1224/36/48 1228/37/48
f 1228/33/49 1220/38/49 1222/13/49 1226/16/49
f 1221/9/36 1210/12/36 1209/39/36 1222/28/36
f 1212/6/37 1216/5/37 1215/40/37 1213/22/37
f 1218/10/50 1221/9/50 1220/27/50 1219/26/50
f 1207/41/38 1211/42/38 1213/43/38 1205/44/38
f 1208/19/39 1215/23/39 1214/15/39 1209/14/39
f 1223/29/51 1217/45/51 1219/46/51 1224/47/51
f 1208/48/40 1205/44/40 1213/43/40 1215/49/40
f 1248/1/41 1256/2/41 1262/3/41 1252/4/41
f 1255/5/42 1253/6/42 1264/7/42 1266/8/42
f 1260/9/27 1257/10/27 1247/11/27 1251/12/27
f 1261/13/28 1250/14/28 1254/15/28 1265/16/28
f 1246/17/29 1247/17/29 1248/18/29
f 1249/19/30 1250/20/30 1251/20/30
f 1252/21/31 1253/21/31 1283/22/31
f 1254/15/32 1287/23/32 1255/24/32
f 1256/25/55 1257/25/55 1258/26/55
f 1259/27/44 1260/28/44 1261/28/44
f 1262/29/61 1263/30/61 1264/31/61
f 1265/16/46 1266/32/46 1236/33/46
f 1264/7/33 1253/6/33 1252/21/33 1262/34/33
f 1255/24/47 1266/32/47 1265/16/47 1254/15/47
f 1251/12/34 1247/11/34 1246/17/34 1249/35/34
f 1256/25/35 1248/18/35 1247/11/35 1257/10/35
f 1266/8/48 1264/7/48 1263/36/48 1236/37/48
f 1236/33/49 1259/38/49 1261/13/49 1265/16/49
f 1260/9/36 1251/12/36 1250/39/36 1261/28/36
f 1253/6/37 1255/5/37 1287/40/37 1283/22/37
f 1257/10/57 1260/9/57 1259/27/57 1258/26/57
f 1248/41/38 1252/42/38 1283/43/38 1246/44/38
f 1249/19/39 1287/23/39 1254/15/39 1250/14/39
f 1262/29/51 1256/45/51 1258/46/51 1263/47/51
f 1249/48/52 1287/49/52 1283/43/52 1246/44/52
f 1269/1/41 1278/2/41 1282/3/41 1272/4/41
f 1277/5/42 1273/6/42 1284/7/42 1286/8/42
f 1280/9/27 1279/10/27 1268/11/27 1271/12/27
f 1281/13/28 1270/14/28 1275/15/28 1285/16/28
f 1267/17/29 1268/17/29 1269/18/29
f 1290/19/30 1270/20/30 1271/20/30
f 1272/21/31 1273/21/31 1274/22/31
f 1275/15/32 1276/23/32 1277/24/32
f 1278/25/43 1279/25/43 1246/26/43
f 1249/27/44 1280/28/44 1281/28/44
f 1282/29/45 1283/30/45 1284/31/45
f 1285/16/46 1286/32/46 1287/33/46
f 1284/7/33 1273/6/33 1272/21/33 1282/34/33
f 1277/24/47 1286/32/47 1285/16/47 1275/15/47
f 1271/12/34 1268/11/34 1267/17/34 1290/35/34
f 1278/25/35 1269/18/35 1268/11/35 1279/10/35
f 1286/8/48 1284/7/48 1283/36/48 1287/37/48
f 1287/33/49 1249/38/49 1281/13/49 1285/16/49
f 1280/9/36 1271/12/36 1270/39/36 1281/28/36
f 1273/6/37 1277/5/37 1276/40/37 1274/22/37
f 1279/10/50 1280/9/50 1249/27/50 1246/26/50
f 1269/41/38 1272/42/38 1274/43/38 1267/44/38
f 1290/19/39 1276/23/39 1275/15/39 1270/14/39
f 1282/29/51 1278/45/51 1246/46/51 1283/47/51
f 1385/62/41 1288/2/41 1293/3/41 1382/63/41
f 1383/61/42 1381/54/42 1294/7/42 1296/8/42
f 1288/25/55 1289/25/55 1267/26/55
f 1290/27/44 1291/28/44 1292/28/44
f 1293/29/45 1274/30/45 1294/31/45
f 1295/16/46 1296/32/46 1276/33/46
f 1383/60/47 1296/32/47 1295/16/47 1384/53/47
f 1296/8/48 1294/7/48 1274/36/48 1276/37/48
f 1276/33/49 1290/38/49 1292/13/49 1295/16/49
f 1289/10/50 1291/9/50 1290/27/50 1267/26/50
f 1293/29/51 1288/45/51 1267/46/51 1274/47/51
f 1319/1/41 1327/2/41 1332/3/41 1323/4/41
f 1326/5/42 1324/6/42 1334/7/42 1336/8/42
f 1330/9/27 1328/10/27 1318/11/27 1322/12/27
f 1331/13/28 1321/14/28 1325/15/28 1335/16/28
f 1350/17/59 1318/17/59 1319/18/59
f 1320/19/30 1321/20/30 1322/20/30
f 1323/21/31 1324/21/31 1354/22/31
f 1325/15/32 1358/23/32 1326/24/32
f 1327/25/43 1328/25/43 1329/26/43
f 1301/27/56 1330/28/56 1331/28/56
f 1332/29/62 1333/30/62 1334/31/62
f 1335/16/46 1336/32/46 1337/33/46
f 1334/7/33 1324/6/33 1323/21/33 1332/34/33
f 1326/24/47 1336/32/47 1335/16/47 1325/15/47
f 1322/12/63 1318/11/63 1350/17/63 1320/35/63
f 1327/25/35 1319/18/35 1318/11/35 1328/10/35
f 1336/8/48 1334/7/48 1333/36/48 1337/37/48
f 1337/33/49 1301/38/49 1331/13/49 1335/16/49
f 1330/9/36 1322/12/36 1321/39/36 1331/28/36
f 1324/6/37 1326/5/37 1358/40/37 1354/22/37
f 1328/10/57 1330/9/57 1301/27/57 1329/26/57
f 1319/41/38 1323/42/38 1354/43/38 1350/44/38
f 1320/19/39 1358/23/39 1325/15/39 1321/14/39
f 1332/29/51 1327/45/51 1329/46/51 1333/47/51
f 1320/48/40 1350/44/40 1354/43/40 1358/49/40
f 1339/1/41 1348/2/41 1353/3/41 1342/4/41
f 1347/5/42 1343/6/42 1355/7/42 1357/8/42
f 1351/9/27 1349/10/27 1338/11/27 1341/12/27
f 1352/13/28 1340/14/28 1345/15/28 1356/16/28
f 1373/17/29 1338/17/29 1339/18/29
f 1374/19/30 1340/20/30 1341/20/30
f 1342/21/31 1343/21/31 1344/22/31
f 1345/15/32 1346/23/32 1347/24/32
f 1348/25/43 1349/25/43 1350/26/43
f 1320/27/56 1351/28/56 1352/28/56
f 1353/29/45 1354/30/45 1355/31/45
f 1356/16/46 1357/32/46 1358/33/46
f 1355/7/33 1343/6/33 1342/21/33 1353/34/33
f 1347/24/47 1357/32/47 1356/16/47 1345/15/47
f 1341/12/34 1338/11/34 1373/17/34 1374/35/34
f 1348/25/35 1339/18/35 1338/11/35 1349/10/35
f 1357/8/48 1355/7/48 1354/36/48 1358/37/48
f 1358/33/49 1320/38/49 1352/13/49 1356/16/49
f 1351/9/36 1341/12/36 1340/39/36 1352/28/36
f 1343/6/37 1347/5/37 1346/40/37 1344/22/37
f 1349/10/50 1351/9/50 1320/27/50 1350/26/50
f 1339/41/38 1342/42/38 1344/43/38 1373/44/38
f 1374/19/39 1346/23/39 1345/15/39 1340/14/39
f 1353/29/51 1348/45/51 1350/46/51 1354/47/51
f 1374/48/40 1373/44/40 1344/43/40 1346/49/40
f 1361/1/41 1371/2/41 1377/3/41 1365/4/41
f 1370/5/42 1366/6/42 1378/7/42 1380/8/42
f 1375/9/27 1372/10/27 1360/11/27 1364/12/27
f 1376/13/28 1363/14/28 1368/15/28 1379/16/28
f 1359/17/29 1360/17/29 1361/18/29
f 1362/19/30 1363/20/30 1364/20/30
f 1365/21/31 1366/21/31 1367/22/31
f 1368/15/32 1369/23/32 1370/24/32
f 1371/25/43 1372/25/43 1373/26/43
f 1374/27/56 1375/28/56 1376/28/56
f 1377/29/45 1344/30/45 1378/31/45
f 1379/16/46 1380/32/46 1346/33/46
f 1378/7/33 1366/6/33 1365/21/33 1377/34/33
f 1370/24/47 1380/32/47 1379/16/47 1368/15/47
f 1364/12/34 1360/11/34 1359/17/34 1362/35/34
f 1371/25/35 1361/18/35 1360/11/35 1372/10/35
f 1380/8/48 1378/7/48 1344/36/48 1346/37/48
f 1346/33/49 1374/38/49 1376/13/49 1379/16/49
f 1375/9/36 1364/12/36 1363/39/36 1376/28/36
f 1366/6/37 1370/5/37 1369/40/37 1367/22/37
f 1372/10/57 1375/9/57 1374/27/57 1373/26/57
f 1361/41/38 1365/42/38 1367/43/38 1359/44/38
f 1362/19/39 1369/23/39 1368/15/39 1363/14/39
f 1377/29/51 1371/45/51 1373/46/51 1344/47/51
f 1362/48/40 1359/44/40 1367/43/40 1369/49/40
f 1388/57/40 1387/50/40 1386/51/40 1385/56/40
f 1385/62/40 1382/63/40 1384/53/40 1388/52/40
f 1384/53/40 1382/55/40 1381/54/40 1383/60/40
f 1396/57/40 1395/50/40 1394/51/40 1393/56/40
f 1393/62/40 1390/63/40 1392/53/40 1396/52/40
f 1392/53/40 1390/55/40 1389/54/40 1391/60/40
f 1404/57/40 1403/50/40 1402/51/40 1401/56/40
f 1401/62/40 1398/63/40 1400/53/40 1404/52/40
f 1400/53/40 1398/55/40 1397/54/40 1399/60/40
f 1412/57/40 1411/50/40 1410/51/40 1409/56/40
f 1409/62/40 1406/63/40 1408/53/40 1412/52/40
f 1408/53/40 1406/55/40 1405/54/40 1407/60/40
f 1291/9/36 1387/50/36 1388/57/36 1292/28/36
f 1288/25/35 1385/56/35 1386/51/35 1289/10/35
f 1294/7/33 1381/54/33 1382/55/33 1293/34/33
f 1292/13/28 1388/52/28 1384/53/28 1295/16/28
f 1291/9/27 1289/10/27 1386/51/27 1387/50/27
f 1138/9/36 1395/50/36 1396/57/36 1139/28/36
f 1136/25/35 1393/56/35 1394/51/35 1137/10/35
f 1141/7/33 1389/54/33 1390/55/33 1140/34/33
f 1139/13/28 1396/52/28 1392/53/28 1142/16/28
f 1138/9/27 1137/10/27 1394/51/27 1395/50/27
f 1006/9/36 1403/50/36 1404/57/36 1007/28/36
f 1002/25/35 1401/56/35 1402/51/35 1003/10/35
f 1009/7/33 1397/54/33 1398/55/33 1008/34/33
f 1007/13/28 1404/52/28 1400/53/28 1010/16/28
f 1006/9/27 1003/10/27 1402/51/27 1403/50/27
f 873/9/36 1411/50/36 1412/57/36 874/28/36
f 870/25/35 1409/56/35 1410/51/35 871/10/35
f 877/7/33 1405/54/33 1406/55/33 875/34/33
f 874/13/28 1412/52/28 1408/53/28 878/16/28
f 873/9/27 871/10/27 1410/51/27 1411/50/27
f 1147/33/52 1146/47/52 1160/26/52 1145/38/52
f 1093/7/52 1092/34/52 1094/16/52 1095/8/52
f 1091/13/52 1094/16/52 1092/3/52 1088/2/52
f 1088/2/52 1089/10/52 1090/9/52 1091/13/52
f 697/7/52 696/34/52 698/16/52 699/8/52
f 695/13/52 698/16/52 696/3/52 692/2/52
f 692/2/52 693/10/52 694/9/52 695/13/52
f 1423/1/41 1431/2/41 1436/3/41 1427/4/41
f 1430/5/42 1428/6/42 1438/7/42 1440/8/42
f 1434/9/27 1432/10/27 1422/11/27 1426/12/27
f 1435/13/28 1425/14/28 1429/15/28 1439/16/28
f 1442/17/29 1422/17/29 1423/18/29
f 1424/19/30 1425/20/30 1426/20/30
f 1427/21/31 1428/21/31 1443/22/31
f 1429/15/69 1444/23/69 1430/24/69
f 1431/25/43 1432/25/43 1433/26/43
f 1421/27/56 1434/28/56 1435/28/56
f 1436/29/45 1437/30/45 1438/31/45
f 1439/16/46 1440/32/46 1441/33/46
f 1438/7/33 1428/6/33 1427/21/33 1436/34/33
f 1430/24/47 1440/32/47 1439/16/47 1429/15/47
f 1426/12/34 1422/11/34 1442/17/34 1424/35/34
f 1431/25/35 1423/18/35 1422/11/35 1432/10/35
f 1440/8/48 1438/7/48 1437/36/48 1441/37/48
f 1441/33/49 1421/38/49 1435/13/49 1439/16/49
f 1434/9/36 1426/12/36 1425/39/36 1435/28/36
f 1428/6/37 1430/5/37 1444/40/37 1443/22/37
f 1432/10/50 1434/9/50 1421/27/50 1433/26/50
f 1423/41/38 1427/42/38 1443/43/38 1442/44/38
f 1424/19/39 1444/23/39 1429/15/39 1425/14/39
f 1436/29/51 1431/45/51 1433/46/51 1437/47/51
f 1441/33/52 1437/47/52 1433/26/52 1421/38/52
f 1444/23/40 1424/19/40 1442/17/40 1443/43/40
f 1471/1/41 1480/2/41 1485/3/41 1474/4/41
f 1479/5/94 1475/6/94 1487/7/94 1489/8/94
f 1483/9/95 1481/10/95 1470/11/95 1473/12/95
f 1484/13/28 1472/14/28 1477/15/28 1488/16/28
f 1491/17/96 1470/17/96 1471/18/96
f 1492/19/97 1472/20/97 1473/20/97
f 1474/21/98 1475/21/98 1476/22/98
f 1477/15/99 1478/23/99 1479/24/99
f 1480/25/100 1481/25/100 1482/26/100
f 1469/27/101 1483/28/101 1484/28/101
f 1485/29/102 1486/30/102 1487/31/102
f 1488/16/103 1489/32/103 1490/33/103
f 1487/7/104 1475/6/104 1474/21/104 1485/34/104
f 1479/24/105 1489/32/105 1488/16/105 1477/15/105
f 1473/12/106 1470/11/106 1491/17/106 1492/35/106
f 1480/25/107 1471/18/107 1470/11/107 1481/10/107
f 1489/8/108 1487/7/108 1486/36/108 1490/37/108
f 1490/33/109 1469/38/109 1484/13/109 1488/16/109
f 1483/9/110 1473/12/110 1472/39/110 1484/28/110
f 1475/6/111 1479/5/111 1478/40/111 1476/22/111
f 1481/10/112 1483/9/112 1469/27/112 1482/26/112
f 1471/41/113 1474/42/113 1476/43/113 1491/44/113
f 1492/19/114 1478/23/114 1477/15/114 1472/14/114
f 1485/29/115 1480/45/115 1482/46/115 1486/47/115
f 1490/33/116 1486/47/116 1482/26/116 1469/38/116
f 1476/43/117 1478/23/117 1492/35/117 1491/44/117
f 1510/48/52 1494/49/52 1493/43/52 1509/44/52
f 1497/1/41 1507/2/41 1513/3/41 1501/4/41
f 1506/5/42 1502/6/42 1514/7/42 1516/8/42
f 1511/9/27 1508/10/27 1496/11/27 1500/12/27
f 1512/13/28 1499/14/28 1504/15/28 1515/16/28
f 1495/17/29 1496/17/29 1497/18/29
f 1498/19/60 1499/20/60 1500/20/60
f 1501/21/31 1502/21/31 1503/22/31
f 1504/15/32 1505/23/32 1506/24/32
f 1507/25/43 1508/25/43 1509/26/43
f 1510/27/56 1511/28/56 1512/28/56
f 1513/29/62 1493/30/62 1514/31/62
f 1515/16/46 1516/32/46 1494/33/46
f 1514/7/33 1502/6/33 1501/21/33 1513/34/33
f 1506/24/47 1516/32/47 1515/16/47 1504/15/47
f 1500/12/34 1496/11/34 1495/17/34 1498/35/34
f 1507/25/35 1497/18/35 1496/11/35 1508/10/35
f 1516/8/48 1514/7/48 1493/36/48 1494/37/48
f 1494/33/49 1510/38/49 1512/13/49 1515/16/49
f 1511/9/36 1500/12/36 1499/39/36 1512/28/36
f 1502/6/37 1506/5/37 1505/40/37 1503/22/37
f 1508/10/50 1511/9/50 1510/27/50 1509/26/50
f 1497/41/38 1501/42/38 1503/43/38 1495/44/38
f 1498/19/39 1505/23/39 1504/15/39 1499/14/39
f 1513/29/51 1507/45/51 1509/46/51 1493/47/51
f 1498/48/40 1495/44/40 1503/43/40 1505/49/40
f 1544/1/142 1552/2/142 1558/3/142 1548/4/142
f 1551/5/42 1549/6/42 1560/7/42 1562/8/42
f 1556/9/27 1553/10/27 1543/11/27 1547/12/27
f 1557/13/143 1546/14/143 1550/15/143 1561/16/143
f 1542/17/144 1543/17/144 1544/18/144
f 1545/19/145 1546/20/145 1547/20/145
f 1548/21/146 1549/21/146 1563/22/146
f 1550/15/147 1564/23/147 1551/24/147
f 1552/25/148 1553/25/148 1554/26/148
f 1555/27/149 1556/28/149 1557/28/149
f 1558/29/150 1559/30/150 1560/31/150
f 1561/16/151 1562/32/151 1541/33/151
f 1560/7/152 1549/6/152 1548/21/152 1558/34/152
f 1551/24/153 1562/32/153 1561/16/153 1550/15/153
f 1547/12/154 1543/11/154 1542/17/154 1545/35/154
f 1552/25/155 1544/18/155 1543/11/155 1553/10/155
f 1562/8/156 1560/7/156 1559/36/156 1541/37/156
f 1541/33/157 1555/38/157 1557/13/157 1561/16/157
f 1556/9/158 1547/12/158 1546/39/158 1557/28/158
f 1549/6/159 1551/5/159 1564/40/159 1563/22/159
f 1553/10/160 1556/9/160 1555/27/160 1554/26/160
f 1544/41/161 1548/42/161 1563/43/161 1542/44/161
f 1545/19/162 1564/23/162 1550/15/162 1546/14/162
f 1558/29/163 1552/45/163 1554/46/163 1559/47/163
f 1554/46/164 1555/38/164 1541/37/164 1559/47/164
f 1545/19/165 1542/44/165 1563/22/165 1564/23/165
f 1569/1/41 1578/2/41 1582/3/41 1572/4/41
f 1577/5/166 1573/6/166 1584/7/166 1586/8/166
f 1580/9/167 1579/10/167 1568/11/167 1571/12/167
f 1581/13/28 1570/14/28 1575/15/28 1585/16/28
f 1567/17/168 1568/17/168 1569/18/168
f 1588/19/169 1570/20/169 1571/20/169
f 1572/21/170 1573/21/170 1574/22/170
f 1575/15/171 1576/23/171 1577/24/171
f 1578/25/172 1579/25/172 1565/26/172
f 1566/27/173 1580/28/173 1581/28/173
f 1582/29/174 1583/30/174 1584/31/174
f 1585/16/175 1586/32/175 1587/33/175
f 1584/7/176 1573/6/176 1572/21/176 1582/34/176
f 1577/24/177 1586/32/177 1585/16/177 1575/15/177
f 1571/12/178 1568/11/178 1567/17/178 1588/35/178
f 1578/25/179 1569/18/179 1568/11/179 1579/10/179
f 1586/8/180 1584/7/180 1583/36/180 1587/37/180
f 1587/33/181 1566/38/181 1581/13/181 1585/16/181
f 1580/9/182 1571/12/182 1570/39/182 1581/28/182
f 1573/6/183 1577/5/183 1576/40/183 1574/22/183
f 1579/10/184 1580/9/184 1566/27/184 1565/26/184
f 1569/41/185 1572/42/185 1574/43/185 1567/44/185
f 1588/19/186 1576/23/186 1575/15/186 1570/14/186
f 1582/29/187 1578/45/187 1565/46/187 1583/47/187
f 1576/23/188 1588/19/188 1567/17/188 1574/43/188
f 1566/38/189 1587/33/189 1583/36/189 1565/46/189
f 1593/1/41 1603/2/41 1609/3/41 1597/4/41
f 1602/5/190 1598/6/190 1610/7/190 1612/8/190
f 1607/9/191 1604/10/191 1592/11/191 1596/12/191
f 1608/13/28 1595/14/28 1600/15/28 1611/16/28
f 1591/17/192 1592/17/192 1593/18/192
f 1594/19/193 1595/20/193 1596/20/193
f 1597/21/194 1598/21/194 1599/22/194
f 1600/15/195 1601/23/195 1602/24/195
f 1603/25/196 1604/25/196 1605/26/196
f 1606/27/197 1607/28/197 1608/28/197
f 1609/29/198 1589/30/198 1610/31/198
f 1611/16/199 1612/32/199 1590/33/199
f 1610/7/200 1598/6/200 1597/21/200 1609/34/200
f 1602/24/201 1612/32/201 1611/16/201 1600/15/201
f 1596/12/202 1592/11/202 1591/17/202 1594/35/202
f 1603/25/203 1593/18/203 1592/11/203 1604/10/203
f 1612/8/204 1610/7/204 1589/36/204 1590/37/204
f 1590/33/205 1606/38/205 1608/13/205 1611/16/205
f 1607/9/206 1596/12/206 1595/39/206 1608/28/206
f 1598/6/207 1602/5/207 1601/40/207 1599/22/207
f 1604/10/208 1607/9/208 1606/27/208 1605/26/208
f 1593/41/209 1597/42/209 1599/43/209 1591/44/209
f 1594/19/210 1601/23/210 1600/15/210 1595/14/210
f 1609/29/211 1603/45/211 1605/46/211 1589/47/211
f 1594/48/212 1591/44/212 1599/43/212 1601/49/212
f 1615/1/41 1625/2/41 1631/3/41 1619/4/41
f 1624/5/190 1620/6/190 1633/7/190 1635/8/190
f 1629/9/191 1626/10/191 1614/11/191 1618/12/191
f 1630/13/28 1617/14/28 1622/15/28 1634/16/28
f 1613/17/192 1614/17/192 1615/18/192
f 1616/19/193 1617/20/193 1618/20/193
f 1619/21/194 1620/21/194 1621/22/194
f 1622/15/195 1623/23/195 1624/24/195
f 1625/25/196 1626/25/196 1627/26/196
f 1628/27/197 1629/28/197 1630/28/197
f 1631/29/198 1632/30/198 1633/31/198
f 1634/16/199 1635/32/199 1636/33/199
f 1633/7/200 1620/6/200 1619/21/200 1631/34/200
f 1624/24/201 1635/32/201 1634/16/201 1622/15/201
f 1618/12/202 1614/11/202 1613/17/202 1616/35/202
f 1625/25/203 1615/18/203 1614/11/203 1626/10/203
f 1635/8/204 1633/7/204 1632/36/204 1636/37/204
f 1636/33/205 1628/38/205 1630/13/205 1634/16/205
f 1629/9/206 1618/12/206 1617/39/206 1630/28/206
f 1620/6/207 1624/5/207 1623/40/207 1621/22/207
f 1626/10/208 1629/9/208 1628/27/208 1627/26/208
f 1615/41/209 1619/42/209 1621/43/209 1613/44/209
f 1616/19/210 1623/23/210 1622/15/210 1617/14/210
f 1631/29/211 1625/45/211 1627/46/211 1632/47/211
f 1616/48/212 1613/44/212 1621/43/212 1623/49/212
f 1632/47/213 1627/46/213 1628/27/213 1636/33/213
f 1589/47/213 1605/46/213 1606/27/213 1590/33/213
f 1640/1/214 1650/2/214 1655/3/214 1644/4/214
f 1649/5/215 1645/6/215 1657/7/215 1659/8/215
f 1653/9/216 1651/10/216 1639/11/216 1643/12/216
f 1654/13/217 1642/14/217 1647/15/217 1658/16/217
f 1638/17/218 1639/17/218 1640/18/218
f 1641/19/219 1642/20/219 1643/20/219
f 1644/21/220 1645/21/220 1646/22/220
f 1647/15/221 1648/23/221 1649/24/221
f 1650/25/222 1651/25/222 1652/26/222
f 1637/27/223 1653/28/223 1654/28/223
f 1655/29/224 1656/30/224 1657/31/224
f 1658/16/225 1659/32/225 1660/33/225
f 1657/7/226 1645/6/226 1644/21/226 1655/34/226
f 1649/24/227 1659/32/227 1658/16/227 1647/15/227
f 1643/12/228 1639/11/228 1638/17/228 1641/35/228
f 1650/25/229 1640/18/229 1639/11/229 1651/10/229
f 1659/8/230 1657/7/230 1656/36/230 1660/37/230
f 1660/33/231 1637/38/231 1654/13/231 1658/16/231
f 1653/9/232 1643/12/232 1642/39/232 1654/28/232
f 1645/6/233 1649/5/233 1648/40/233 1646/22/233
f 1651/10/234 1653/9/234 1637/27/234 1652/26/234
f 1640/41/235 1644/42/235 1646/43/235 1638/44/235
f 1641/19/236 1648/23/236 1647/15/236 1642/14/236
f 1655/29/237 1650/45/237 1652/46/237 1656/47/237
f 1641/48/238 1638/44/238 1646/43/238 1648/49/238
f 1660/33/239 1656/47/239 1652/26/239 1637/38/239
f 1688/1/41 1695/2/41 1699/3/41 1691/4/41
f 1694/5/266 1692/6/266 1701/7/266 1703/8/266
f 1697/9/267 1696/10/267 1687/11/267 1690/12/267
f 1698/13/28 1689/14/28 1693/15/28 1702/16/28
f 1695/25/268 1696/25/268 1685/26/268
f 1686/27/269 1697/28/269 1698/28/269
f 1699/29/270 1700/30/270 1701/31/270
f 1702/16/271 1703/32/271 1704/33/271
f 1701/7/272 1692/6/272 1691/21/272 1699/34/272
f 1694/24/273 1703/32/273 1702/16/273 1693/15/273
f 1695/25/274 1688/18/274 1687/11/274 1696/10/274
f 1703/8/275 1701/7/275 1700/36/275 1704/37/275
f 1704/33/276 1686/38/276 1698/13/276 1702/16/276
f 1697/9/277 1690/12/277 1689/39/277 1698/28/277
f 1696/10/278 1697/9/278 1686/27/278 1685/26/278
f 1699/29/279 1695/45/279 1685/46/279 1700/47/279
f 1709/1/41 1716/2/41 1720/3/41 1712/4/41
f 1715/5/266 1713/6/266 1722/7/266 1724/8/266
f 1718/9/267 1717/10/267 1708/11/267 1711/12/267
f 1719/13/28 1710/14/28 1714/15/28 1723/16/28
f 1716/25/268 1717/25/268 1705/26/268
f 1706/27/269 1718/28/269 1719/28/269
f 1720/29/270 1721/30/270 1722/31/270
f 1723/16/271 1724/32/271 1707/33/271
f 1722/7/272 1713/6/272 1712/21/272 1720/34/272
f 1715/24/273 1724/32/273 1723/16/273 1714/15/273
f 1716/25/274 1709/18/274 1708/11/274 1717/10/274
f 1724/8/275 1722/7/275 1721/36/275 1707/37/275
f 1707/33/276 1706/38/276 1719/13/276 1723/16/276
f 1718/9/277 1711/12/277 1710/39/277 1719/28/277
f 1717/10/278 1718/9/278 1706/27/278 1705/26/278
f 1720/29/279 1716/45/279 1705/46/279 1721/47/279
f 1729/1/41 1736/2/41 1741/3/41 1732/4/41
f 1735/5/266 1733/6/266 1742/7/266 1744/8/266
f 1739/9/267 1737/10/267 1728/11/267 1731/12/267
f 1740/13/28 1730/14/28 1734/15/28 1743/16/28
f 1736/25/268 1737/25/268 1725/26/268
f 1738/27/280 1739/28/280 1740/28/280
f 1741/29/270 1726/30/270 1742/31/270
f 1743/16/271 1744/32/271 1727/33/271
f 1742/7/272 1733/6/272 1732/21/272 1741/34/272
f 1735/24/273 1744/32/273 1743/16/273 1734/15/273
f 1736/25/274 1729/18/274 1728/11/274 1737/10/274
f 1744/8/275 1742/7/275 1726/36/275 1727/37/275
f 1727/33/281 1738/38/281 1740/13/281 1743/16/281
f 1739/9/277 1731/12/277 1730/39/277 1740/28/277
f 1737/10/278 1739/9/278 1738/27/278 1725/26/278
f 1741/29/282 1736/45/282 1725/46/282 1726/47/282
f 1747/1/41 1754/2/41 1759/3/41 1750/4/41
f 1753/5/266 1751/6/266 1761/7/266 1763/8/266
f 1757/9/267 1755/10/267 1746/11/267 1749/12/267
f 1758/13/28 1748/14/28 1752/15/28 1762/16/28
f 1750/21/283 1751/6/283 1753/24/283 1752/15/283
f 1754/25/268 1755/25/268 1756/26/268
f 1745/27/269 1757/28/269 1758/28/269
f 1759/29/270 1760/30/270 1761/31/270
f 1762/16/271 1763/32/271 1764/33/271
f 1761/7/272 1751/6/272 1750/21/272 1759/34/272
f 1753/24/273 1763/32/273 1762/16/273 1752/15/273
f 1754/25/274 1747/18/274 1746/11/274 1755/10/274
f 1763/8/275 1761/7/275 1760/36/275 1764/37/275
f 1764/33/276 1745/38/276 1758/13/276 1762/16/276
f 1757/9/277 1749/12/277 1748/39/277 1758/28/277
f 1755/10/278 1757/9/278 1745/27/278 1756/26/278
f 1759/29/279 1754/45/279 1756/46/279 1760/47/279
f 1746/11/283 1747/1/283 1748/39/283 1749/12/283
f 1747/1/283 1750/21/283 1752/15/283 1748/14/283
f 1732/21/283 1733/6/283 1735/24/283 1734/15/283
f 1729/1/283 1732/21/283 1734/15/283 1730/14/283
f 1728/11/283 1729/1/283 1730/39/283 1731/12/283
f 1712/21/283 1713/6/283 1715/24/283 1714/15/283
f 1709/1/283 1712/21/283 1714/15/283 1710/14/283
f 1708/11/283 1709/1/283 1710/39/283 1711/12/283
f 1691/21/283 1692/6/283 1694/24/283 1693/15/283
f 1688/1/283 1691/21/283 1693/15/283 1689/14/283
f 1687/11/283 1688/1/283 1689/39/283 1690/12/283
f 1764/33/284 1760/47/284 1756/26/284 1745/38/284
f 1727/33/284 1726/47/284 1725/26/284 1738/38/284
f 1705/46/284 1706/38/284 1707/37/284 1721/47/284
f 1686/38/284 1704/33/284 1700/36/284 1685/46/284
f 1768/1/41 1776/2/41 1782/3/41 1772/4/41
f 1775/5/285 1773/6/285 1784/7/285 1786/8/285
f 1780/9/286 1777/10/286 1767/11/286 1771/12/286
f 1781/13/28 1770/14/28 1774/15/28 1785/16/28
f 1766/17/287 1767/17/287 1768/18/287
f 1769/19/288 1770/20/288 1771/20/288
f 1772/21/289 1773/21/289 1787/22/289
f 1774/15/290 1788/23/290 1775/24/290
f 1776/25/291 1777/25/291 1778/26/291
f 1779/27/292 1780/28/292 1781/28/292
f 1782/29/293 1783/30/293 1784/31/293
f 1785/16/294 1786/32/294 1765/33/294
f 1784/7/295 1773/6/295 1772/21/295 1782/34/295
f 1775/24/296 1786/32/296 1785/16/296 1774/15/296
f 1771/12/297 1767/11/297 1766/17/297 1769/35/297
f 1776/25/298 1768/18/298 1767/11/298 1777/10/298
f 1786/8/299 1784/7/299 1783/36/299 1765/37/299
f 1765/33/300 1779/38/300 1781/13/300 1785/16/300
f 1780/9/301 1771/12/301 1770/39/301 1781/28/301
f 1773/6/302 1775/5/302 1788/40/302 1787/22/302
f 1777/10/303 1780/9/303 1779/27/303 1778/26/303
f 1768/41/304 1772/42/304 1787/43/304 1766/44/304
f 1769/19/305 1788/23/305 1774/15/305 1770/14/305
f 1782/29/306 1776/45/306 1778/46/306 1783/47/306
f 1778/46/307 1779/38/307 1765/37/307 1783/47/307
f 1769/19/308 1766/44/308 1787/22/308 1788/23/308
f 1792/1/41 1800/2/41 1806/3/41 1796/4/41
f 1799/5/309 1797/6/309 1808/7/309 1810/8/309
f 1804/9/310 1801/10/310 1791/11/310 1795/12/310
f 1805/13/28 1794/14/28 1798/15/28 1809/16/28
f 1790/17/311 1791/17/311 1792/18/311
f 1793/19/312 1794/20/312 1795/20/312
f 1796/21/313 1797/21/313 1811/22/313
f 1798/15/314 1812/23/314 1799/24/314
f 1800/25/315 1801/25/315 1802/26/315
f 1803/27/316 1804/28/316 1805/28/316
f 1806/29/317 1807/30/317 1808/31/317
f 1809/16/318 1810/32/318 1789/33/318
f 1808/7/319 1797/6/319 1796/21/319 1806/34/319
f 1799/24/320 1810/32/320 1809/16/320 1798/15/320
f 1795/12/321 1791/11/321 1790/17/321 1793/35/321
f 1800/25/322 1792/18/322 1791/11/322 1801/10/322
f 1810/8/323 1808/7/323 1807/36/323 1789/37/323
f 1789/33/324 1803/38/324 1805/13/324 1809/16/324
f 1804/9/325 1795/12/325 1794/39/325 1805/28/325
f 1797/6/326 1799/5/326 1812/40/326 1811/22/326
f 1801/10/327 1804/9/327 1803/27/327 1802/26/327
f 1792/41/328 1796/42/328 1811/43/328 1790/44/328
f 1793/19/329 1812/23/329 1798/15/329 1794/14/329
f 1806/29/330 1800/45/330 1802/46/330 1807/47/330
f 1802/46/331 1803/38/331 1789/37/331 1807/47/331
f 1793/19/332 1790/44/332 1811/22/332 1812/23/332
f 1816/1/41 1824/2/41 1830/3/41 1820/4/41
f 1823/5/333 1821/6/333 1832/7/333 1834/8/333
f 1828/9/334 1825/10/334 1815/11/334 1819/12/334
f 1829/13/28 1818/14/28 1822/15/28 1833/16/28
f 1814/17/335 1815/17/335 1816/18/335
f 1817/19/336 1818/20/336 1819/20/336
f 1820/21/337 1821/21/337 1835/22/337
f 1822/15/338 1836/23/338 1823/24/338
f 1824/25/339 1825/25/339 1826/26/339
f 1827/27/340 1828/28/340 1829/28/340
f 1830/29/341 1831/30/341 1832/31/341
f 1833/16/342 1834/32/342 1813/33/342
f 1832/7/343 1821/6/343 1820/21/343 1830/34/343
f 1823/24/344 1834/32/344 1833/16/344 1822/15/344
f 1819/12/345 1815/11/345 1814/17/345 1817/35/345
f 1824/25/346 1816/18/346 1815/11/346 1825/10/346
f 1834/8/347 1832/7/347 1831/36/347 1813/37/347
f 1813/33/348 1827/38/348 1829/13/348 1833/16/348
f 1828/9/349 1819/12/349 1818/39/349 1829/28/349
f 1821/6/350 1823/5/350 1836/40/350 1835/22/350
f 1825/10/351 1828/9/351 1827/27/351 1826/26/351
f 1816/41/352 1820/42/352 1835/43/352 1814/44/352
f 1817/19/353 1836/23/353 1822/15/353 1818/14/353
f 1830/29/354 1824/45/354 1826/46/354 1831/47/354
f 1826/46/355 1827/38/355 1813/37/355 1831/47/355
f 1817/19/356 1814/44/356 1835/22/356 1836/23/356
f 1840/1/41 1848/2/41 1854/3/41 1844/4/41
f 1847/5/357 1845/6/357 1856/7/357 1858/8/357
f 1852/9/358 1849/10/358 1839/11/358 1843/12/358
f 1853/13/28 1842/14/28 1846/15/28 1857/16/28
f 1838/17/359 1839/17/359 1840/18/359
f 1841/19/360 1842/20/360 1843/20/360
f 1844/21/361 1845/21/361 1859/22/361
f 1846/15/362 1860/23/362 1847/24/362
f 1848/25/363 1849/25/363 1850/26/363
f 1851/27/364 1852/28/364 1853/28/364
f 1854/29/365 1855/30/365 1856/31/365
f 1857/16/366 1858/32/366 1837/33/366
f 1856/7/367 1845/6/367 1844/21/367 1854/34/367
f 1847/24/368 1858/32/368 1857/16/368 1846/15/368
f 1843/12/369 1839/11/369 1838/17/369 1841/35/369
f 1848/25/370 1840/18/370 1839/11/370 1849/10/370
f 1858/8/371 1856/7/371 1855/36/371 1837/37/371
f 1837/33/372 1851/38/372 1853/13/372 1857/16/372
f 1852/9/373 1843/12/373 1842/39/373 1853/28/373
f 1845/6/374 1847/5/374 1860/40/374 1859/22/374
f 1849/10/375 1852/9/375 1851/27/375 1850/26/375
f 1840/41/376 1844/42/376 1859/43/376 1838/44/376
f 1841/19/377 1860/23/377 1846/15/377 1842/14/377
f 1854/29/378 1848/45/378 1850/46/378 1855/47/378
f 1850/46/379 1851/38/379 1837/37/379 1855/47/379
f 1841/19/380 1838/44/380 1859/22/380 1860/23/380
f 1864/1/381 1872/2/381 1878/3/381 1868/4/381
f 1871/5/382 1869/6/382 1880/7/382 1882/8/382
f 1876/9/383 1873/10/383 1863/11/383 1867/12/383
f 1877/13/384 1866/14/384 1870/15/384 1881/16/384
f 1862/17/385 1863/17/385 1864/18/385
f 1865/19/386 1866/20/386 1867/20/386
f 1868/21/387 1869/21/387 1883/22/387
f 1870/15/388 1884/23/388 1871/24/388
f 1872/25/389 1873/25/389 1874/26/389
f 1875/27/390 1876/28/390 1877/28/390
f 1878/29/391 1879/30/391 1880/31/391
f 1881/16/392 1882/32/392 1861/33/392
f 1880/7/393 1869/6/393 1868/21/393 1878/34/393
f 1871/24/394 1882/32/394 1881/16/394 1870/15/394
f 1867/12/395 1863/11/395 1862/17/395 1865/35/395
f 1872/25/396 1864/18/396 1863/11/396 1873/10/396
f 1882/8/397 1880/7/397 1879/36/397 1861/37/397
f 1861/33/398 1875/38/398 1877/13/398 1881/16/398
f 1876/9/399 1867/12/399 1866/39/399 1877/28/399
f 1869/6/400 1871/5/400 1884/40/400 1883/22/400
f 1873/10/401 1876/9/401 1875/27/401 1874/26/401
f 1864/41/402 1868/42/402 1883/43/402 1862/44/402
f 1865/19/403 1884/23/403 1870/15/403 1866/14/403
f 1878/29/404 1872/45/404 1874/46/404 1879/47/404
f 1874/46/405 1875/38/405 1861/37/405 1879/47/405
f 1865/19/406 1862/44/406 1883/22/406 1884/23/406
f 1889/1/41 1899/2/41 1905/3/41 1893/4/41
f 1898/5/407 1894/6/407 1906/7/407 1908/8/407
f 1903/9/408 1900/10/408 1888/11/408 1892/12/408
f 1904/13/28 1891/14/28 1896/15/28 1907/16/28
f 1887/17/409 1888/17/409 1889/18/409
f 1890/19/410 1891/20/410 1892/20/410
f 1893/21/411 1894/21/411 1895/22/411
f 1896/15/412 1897/23/412 1898/24/412
f 1899/25/413 1900/25/413 1901/26/413
f 1902/27/414 1903/28/414 1904/28/414
f 1905/29/415 1885/30/415 1906/31/415
f 1907/16/416 1908/32/416 1886/33/416
f 1906/7/417 1894/6/417 1893/21/417 1905/34/417
f 1898/24/418 1908/32/418 1907/16/418 1896/15/418
f 1892/12/419 1888/11/419 1887/17/419 1890/35/419
f 1899/25/420 1889/18/420 1888/11/420 1900/10/420
f 1908/8/421 1906/7/421 1885/36/421 1886/37/421
f 1886/33/422 1902/38/422 1904/13/422 1907/16/422
f 1903/9/423 1892/12/423 1891/39/423 1904/28/423
f 1894/6/424 1898/5/424 1897/40/424 1895/22/424
f 1900/10/425 1903/9/425 1902/27/425 1901/26/425
f 1889/41/426 1893/42/426 1895/43/426 1887/44/426
f 1890/19/427 1897/23/427 1896/15/427 1891/14/427
f 1905/29/428 1899/45/428 1901/46/428 1885/47/428
f 1890/48/429 1887/44/429 1895/43/429 1897/49/429
f 1911/1/41 1921/2/41 1927/3/41 1915/4/41
f 1920/5/407 1916/6/407 1929/7/407 1931/8/407
f 1925/9/408 1922/10/408 1910/11/408 1914/12/408
f 1926/13/28 1913/14/28 1918/15/28 1930/16/28
f 1909/17/409 1910/17/409 1911/18/409
f 1912/19/410 1913/20/410 1914/20/410
f 1915/21/411 1916/21/411 1917/22/411
f 1918/15/412 1919/23/412 1920/24/412
f 1921/25/413 1922/25/413 1923/26/413
f 1924/27/414 1925/28/414 1926/28/414
f 1927/29/430 1928/30/430 1929/31/430
f 1930/16/416 1931/32/416 1932/33/416
f 1929/7/417 1916/6/417 1915/21/417 1927/34/417
f 1920/24/418 1931/32/418 1930/16/418 1918/15/418
f 1914/12/419 1910/11/419 1909/17/419 1912/35/419
f 1921/25/420 1911/18/420 1910/11/420 1922/10/420
f 1931/8/421 1929/7/421 1928/36/421 1932/37/421
f 1932/33/422 1924/38/422 1926/13/422 1930/16/422
f 1925/9/423 1914/12/423 1913/39/423 1926/28/423
f 1916/6/424 1920/5/424 1919/40/424 1917/22/424
f 1922/10/431 1925/9/431 1924/27/431 1923/26/431
f 1911/41/426 1915/42/426 1917/43/426 1909/44/426
f 1912/19/427 1919/23/427 1918/15/427 1913/14/427
f 1927/29/428 1921/45/428 1923/46/428 1928/47/428
f 1912/48/429 1909/44/429 1917/43/429 1919/49/429
f 1885/47/432 1901/46/432 1902/27/432 1886/33/432
f 1928/47/432 1923/46/432 1924/27/432 1932/33/432
f 1960/1/41 1967/2/41 1971/3/41 1963/4/41
f 1966/5/459 1964/6/459 1973/7/459 1975/8/459
f 1969/9/460 1968/10/460 1959/11/460 1962/12/460
f 1970/13/28 1961/14/28 1965/15/28 1974/16/28
f 1967/25/461 1968/25/461 1957/26/461
f 1958/27/462 1969/28/462 1970/28/462
f 1971/29/463 1972/30/463 1973/31/463
f 1974/16/464 1975/32/464 1976/33/464
f 1973/7/465 1964/6/465 1963/21/465 1971/34/465
f 1966/24/466 1975/32/466 1974/16/466 1965/15/466
f 1967/25/467 1960/18/467 1959/11/467 1968/10/467
f 1975/8/468 1973/7/468 1972/36/468 1976/37/468
f 1976/33/469 1958/38/469 1970/13/469 1974/16/469
f 1969/9/470 1962/12/470 1961/39/470 1970/28/470
f 1968/10/471 1969/9/471 1958/27/471 1957/26/471
f 1971/29/472 1967/45/472 1957/46/472 1972/47/472
f 1981/1/41 1988/2/41 1992/3/41 1984/4/41
f 1987/5/459 1985/6/459 1994/7/459 1996/8/459
f 1990/9/460 1989/10/460 1980/11/460 1983/12/460
f 1991/13/28 1982/14/28 1986/15/28 1995/16/28
f 1988/25/461 1989/25/461 1977/26/461
f 1978/27/462 1990/28/462 1991/28/462
f 1992/29/463 1993/30/463 1994/31/463
f 1995/16/464 1996/32/464 1979/33/464
f 1994/7/465 1985/6/465 1984/21/465 1992/34/465
f 1987/24/466 1996/32/466 1995/16/466 1986/15/466
f 1988/25/467 1981/18/467 1980/11/467 1989/10/467
f 1996/8/468 1994/7/468 1993/36/468 1979/37/468
f 1979/33/469 1978/38/469 1991/13/469 1995/16/469
f 1990/9/470 1983/12/470 1982/39/470 1991/28/470
f 1989/10/471 1990/9/471 1978/27/471 1977/26/471
f 1992/29/472 1988/45/472 1977/46/472 1993/47/472
f 2001/1/41 2008/2/41 2013/3/41 2004/4/41
f 2007/5/459 2005/6/459 2014/7/459 2016/8/459
f 2011/9/460 2009/10/460 2000/11/460 2003/12/460
f 2012/13/28 2002/14/28 2006/15/28 2015/16/28
f 2008/25/461 2009/25/461 1997/26/461
f 2010/27/462 2011/28/462 2012/28/462
f 2013/29/463 1998/30/463 2014/31/463
f 2015/16/473 2016/32/473 1999/33/473
f 2014/7/465 2005/6/465 2004/21/465 2013/34/465
f 2007/24/466 2016/32/466 2015/16/466 2006/15/466
f 2008/25/467 2001/18/467 2000/11/467 2009/10/467
f 2016/8/468 2014/7/468 1998/36/468 1999/37/468
f 1999/33/469 2010/38/469 2012/13/469 2015/16/469
f 2011/9/470 2003/12/470 2002/39/470 2012/28/470
f 2009/10/471 2011/9/471 2010/27/471 1997/26/471
f 2013/29/472 2008/45/472 1997/46/472 1998/47/472
f 2019/1/41 2026/2/41 2031/3/41 2022/4/41
f 2025/5/459 2023/6/459 2033/7/459 2035/8/459
f 2029/9/460 2027/10/460 2018/11/460 2021/12/460
f 2030/13/28 2020/14/28 2024/15/28 2034/16/28
f 2022/21/474 2023/6/474 2025/24/474 2024/15/474
f 2026/25/461 2027/25/461 2028/26/461
f 2017/27/462 2029/28/462 2030/28/462
f 2031/29/463 2032/30/463 2033/31/463
f 2034/16/464 2035/32/464 2036/33/464
f 2033/7/465 2023/6/465 2022/21/465 2031/34/465
f 2025/24/466 2035/32/466 2034/16/466 2024/15/466
f 2026/25/467 2019/18/467 2018/11/467 2027/10/467
f 2035/8/468 2033/7/468 2032/36/468 2036/37/468
f 2036/33/469 2017/38/469 2030/13/469 2034/16/469
f 2029/9/470 2021/12/470 2020/39/470 2030/28/470
f 2027/10/471 2029/9/471 2017/27/471 2028/26/471
f 2031/29/472 2026/45/472 2028/46/472 2032/47/472
f 2018/11/474 2019/1/474 2020/39/474 2021/12/474
f 2019/1/474 2022/21/474 2024/15/474 2020/14/474
f 2004/21/474 2005/6/474 2007/24/474 2006/15/474
f 2001/1/474 2004/21/474 2006/15/474 2002/14/474
f 2000/11/474 2001/1/474 2002/39/474 2003/12/474
f 1984/21/474 1985/6/474 1987/24/474 1986/15/474
f 1981/1/474 1984/21/474 1986/15/474 1982/14/474
f 1980/11/474 1981/1/474 1982/39/474 1983/12/474
f 1963/21/474 1964/6/474 1966/24/474 1965/15/474
f 1960/1/474 1963/21/474 1965/15/474 1961/14/474
f 1959/11/474 1960/1/474 1961/39/474 1962/12/474
f 1958/38/475 1976/33/475 1972/36/475 1957/46/475
f 1977/46/475 1978/38/475 1979/37/475 1993/47/475
f 1999/33/475 1998/47/475 1997/26/475 2010/38/475
f 2036/33/475 2032/47/475 2028/26/475 2017/38/475
f 2038/1/41 2045/2/41 2051/3/41 2041/4/41
f 2044/5/476 2042/6/476 2053/7/476 2055/8/476
f 2049/9/477 2046/10/477 2037/11/477 2040/12/477
f 2050/13/28 2039/14/28 2043/15/28 2054/16/28
f 2045/25/478 2046/25/478 2047/26/478
f 2048/27/479 2049/28/479 2050/28/479
f 2051/29/480 2052/30/480 2053/31/480
f 2054/16/481 2055/32/481 2056/33/481
f 2053/7/482 2042/6/482 2041/21/482 2051/34/482
f 2044/24/483 2055/32/483 2054/16/483 2043/15/483
f 2045/25/484 2038/18/484 2037/11/484 2046/10/484
f 2055/8/485 2053/7/485 2052/36/485 2056/37/485
f 2056/33/486 2048/38/486 2050/13/486 2054/16/486
f 2049/9/487 2040/12/487 2039/39/487 2050/28/487
f 2046/10/488 2049/9/488 2048/27/488 2047/26/488
f 2051/29/489 2045/45/489 2047/46/489 2052/47/489
f 2061/1/41 2068/2/41 2072/3/41 2064/4/41
f 2067/5/476 2065/6/476 2073/7/476 2075/8/476
f 2070/9/477 2069/10/477 2060/11/477 2063/12/477
f 2071/13/28 2062/14/28 2066/15/28 2074/16/28
f 2068/25/478 2069/25/478 2057/26/478
f 2058/27/479 2070/28/479 2071/28/479
f 2072/29/490 2059/30/490 2073/31/490
f 2074/16/481 2075/32/481 2076/33/481
f 2073/7/482 2065/6/482 2064/21/482 2072/34/482
f 2067/24/483 2075/32/483 2074/16/483 2066/15/483
f 2068/25/484 2061/18/484 2060/11/484 2069/10/484
f 2075/8/485 2073/7/485 2059/36/485 2076/37/485
f 2076/33/486 2058/38/486 2071/13/486 2074/16/486
f 2070/9/487 2063/12/487 2062/39/487 2071/28/487
f 2069/10/488 2070/9/488 2058/27/488 2057/26/488
f 2072/29/489 2068/45/489 2057/46/489 2059/47/489
f 2052/47/492 2047/46/492 2048/27/492 2056/33/492
f 2057/46/492 2058/38/492 2076/37/492 2059/47/492
f 2060/11/493 2061/18/493 2062/39/493 2063/12/493
f 2061/18/493 2064/4/493 2066/15/493 2062/39/493
f 2064/4/493 2065/6/493 2067/24/493 2066/15/493
f 2037/11/493 2038/18/493 2039/39/493 2040/12/493
f 2038/18/493 2041/4/493 2043/15/493 2039/39/493
f 2041/4/493 2042/6/493 2044/24/493 2043/15/493
f 2100/1/41 2108/2/41 2114/3/41 2104/4/41
f 2107/5/494 2105/6/494 2116/7/494 2118/8/494
f 2112/9/495 2109/10/495 2099/11/495 2103/12/495
f 2113/13/28 2102/14/28 2106/15/28 2117/16/28
f 2098/17/496 2099/17/496 2100/18/496
f 2101/19/497 2102/20/497 2103/20/497
f 2104/21/498 2105/21/498 2119/22/498
f 2106/15/499 2120/23/499 2107/24/499
f 2108/25/500 2109/25/500 2110/26/500
f 2111/27/501 2112/28/501 2113/28/501
f 2114/29/502 2115/30/502 2116/31/502
f 2117/16/503 2118/32/503 2097/33/503
f 2116/7/504 2105/6/504 2104/21/504 2114/34/504
f 2107/24/505 2118/32/505 2117/16/505 2106/15/505
f 2103/12/506 2099/11/506 2098/17/506 2101/35/506
f 2108/25/507 2100/18/507 2099/11/507 2109/10/507
f 2118/8/508 2116/7/508 2115/36/508 2097/37/508
f 2097/33/509 2111/38/509 2113/13/509 2117/16/509
f 2112/9/510 2103/12/510 2102/39/510 2113/28/510
f 2105/6/511 2107/5/511 2120/40/511 2119/22/511
f 2109/10/512 2112/9/512 2111/27/512 2110/26/512
f 2100/41/513 2104/42/513 2119/43/513 2098/44/513
f 2101/19/514 2120/23/514 2106/15/514 2102/14/514
f 2114/29/515 2108/45/515 2110/46/515 2115/47/515
f 2110/46/516 2111/38/516 2097/37/516 2115/47/516
f 2101/19/517 2098/44/517 2119/22/517 2120/23/517
f 2124/1/41 2132/2/41 2138/3/41 2128/4/41
f 2131/5/518 2129/6/518 2140/7/518 2142/8/518
f 2136/9/519 2133/10/519 2123/11/519 2127/12/519
f 2137/13/28 2126/14/28 2130/15/28 2141/16/28
f 2122/17/520 2123/17/520 2124/18/520
f 2125/19/521 2126/20/521 2127/20/521
f 2128/21/522 2129/21/522 2143/22/522
f 2130/15/523 2144/23/523 2131/24/523
f 2132/25/524 2133/25/524 2134/26/524
f 2135/27/525 2136/28/525 2137/28/525
f 2138/29/526 2139/30/526 2140/31/526
f 2141/16/527 2142/32/527 2121/33/527
f 2140/7/528 2129/6/528 2128/21/528 2138/34/528
f 2131/24/529 2142/32/529 2141/16/529 2130/15/529
f 2127/12/530 2123/11/530 2122/17/530 2125/35/530
f 2132/25/531 2124/18/531 2123/11/531 2133/10/531
f 2142/8/532 2140/7/532 2139/36/532 2121/37/532
f 2121/33/533 2135/38/533 2137/13/533 2141/16/533
f 2136/9/534 2127/12/534 2126/39/534 2137/28/534
f 2129/6/535 2131/5/535 2144/40/535 2143/22/535
f 2133/10/536 2136/9/536 2135/27/536 2134/26/536
f 2124/41/537 2128/42/537 2143/43/537 2122/44/537
f 2125/19/538 2144/23/538 2130/15/538 2126/14/538
f 2138/29/539 2132/45/539 2134/46/539 2139/47/539
f 2134/46/540 2135/38/540 2121/37/540 2139/47/540
f 2125/19/541 2122/44/541 2143/22/541 2144/23/541
f 2148/1/41 2156/2/41 2162/3/41 2152/4/41
f 2155/5/542 2153/6/542 2164/7/542 2166/8/542
f 2160/9/543 2157/10/543 2147/11/543 2151/12/543
f 2161/13/28 2150/14/28 2154/15/28 2165/16/28
f 2146/17/544 2147/17/544 2148/18/544
f 2149/19/545 2150/20/545 2151/20/545
f 2152/21/546 2153/21/546 2167/22/546
f 2154/15/547 2168/23/547 2155/24/547
f 2156/25/548 2157/25/548 2158/26/548
f 2159/27/549 2160/28/549 2161/28/549
f 2162/29/550 2163/30/550 2164/31/550
f 2165/16/551 2166/32/551 2145/33/551
f 2164/7/552 2153/6/552 2152/21/552 2162/34/552
f 2155/24/553 2166/32/553 2165/16/553 2154/15/553
f 2151/12/554 2147/11/554 2146/17/554 2149/35/554
f 2156/25/555 2148/18/555 2147/11/555 2157/10/555
f 2166/8/556 2164/7/556 2163/36/556 2145/37/556
f 2145/33/557 2159/38/557 2161/13/557 2165/16/557
f 2160/9/558 2151/12/558 2150/39/558 2161/28/558
f 2153/6/559 2155/5/559 2168/40/559 2167/22/559
f 2157/10/560 2160/9/560 2159/27/560 2158/26/560
f 2148/41/561 2152/42/561 2167/43/561 2146/44/561
f 2149/19/562 2168/23/562 2154/15/562 2150/14/562
f 2162/29/563 2156/45/563 2158/46/563 2163/47/563
f 2158/46/564 2159/38/564 2145/37/564 2163/47/564
f 2149/19/565 2146/44/565 2167/22/565 2168/23/565
f 2172/1/41 2180/2/41 2186/3/41 2176/4/41
f 2179/5/566 2177/6/566 2188/7/566 2190/8/566
f 2184/9/567 2181/10/567 2171/11/567 2175/12/567
f 2185/13/28 2174/14/28 2178/15/28 2189/16/28
f 2170/17/568 2171/17/568 2172/18/568
f 2173/19/569 2174/20/569 2175/20/569
f 2176/21/570 2177/21/570 2191/22/570
f 2178/15/571 2192/23/571 2179/24/571
f 2180/25/572 2181/25/572 2182/26/572
f 2183/27/573 2184/28/573 2185/28/573
f 2186/29/574 2187/30/574 2188/31/574
f 2189/16/575 2190/32/575 2169/33/575
f 2188/7/576 2177/6/576 2176/21/576 2186/34/576
f 2179/24/577 2190/32/577 2189/16/577 2178/15/577
f 2175/12/578 2171/11/578 2170/17/578 2173/35/578
f 2180/25/579 2172/18/579 2171/11/579 2181/10/579
f 2190/8/580 2188/7/580 2187/36/580 2169/37/580
f 2169/33/581 2183/38/581 2185/13/581 2189/16/581
f 2184/9/582 2175/12/582 2174/39/582 2185/28/582
f 2177/6/583 2179/5/583 2192/40/583 2191/22/583
f 2181/10/584 2184/9/584 2183/27/584 2182/26/584
f 2172/41/585 2176/42/585 2191/43/585 2170/44/585
f 2173/19/586 2192/23/586 2178/15/586 2174/14/586
f 2186/29/587 2180/45/587 2182/46/587 2187/47/587
f 2182/46/588 2183/38/588 2169/37/588 2187/47/588
f 2173/19/589 2170/44/589 2191/22/589 2192/23/589
f 2196/1/41 2204/2/41 2210/3/41 2200/4/41
f 2203/5/590 2201/6/590 2212/7/590 2214/8/590
f 2208/9/591 2205/10/591 2195/11/591 2199/12/591
f 2209/13/28 2198/14/28 2202/15/28 2213/16/28
f 2194/17/592 2195/17/592 2196/18/592
f 2197/19/593 2198/20/593 2199/20/593
f 2200/21/594 2201/21/594 2215/22/594
f 2202/15/595 2216/23/595 2203/24/595
f 2204/25/596 2205/25/596 2206/26/596
f 2207/27/597 2208/28/597 2209/28/597
f 2210/29/598 2211/30/598 2212/31/598
f 2213/16/599 2214/32/599 2193/33/599
f 2212/7/600 2201/6/600 2200/21/600 2210/34/600
f 2203/24/601 2214/32/601 2213/16/601 2202/15/601
f 2199/12/602 2195/11/602 2194/17/602 2197/35/602
f 2204/25/603 2196/18/603 2195/11/603 2205/10/603
f 2214/8/604 2212/7/604 2211/36/604 2193/37/604
f 2193/33/605 2207/38/605 2209/13/605 2213/16/605
f 2208/9/606 2199/12/606 2198/39/606 2209/28/606
f 2201/6/607 2203/5/607 2216/40/607 2215/22/607
f 2205/10/608 2208/9/608 2207/27/608 2206/26/608
f 2196/41/609 2200/42/609 2215/43/609 2194/44/609
f 2197/19/610 2216/23/610 2202/15/610 2198/14/610
f 2210/29/611 2204/45/611 2206/46/611 2211/47/611
f 2206/46/612 2207/38/612 2193/37/612 2211/47/612
f 2197/19/613 2194/44/613 2215/22/613 2216/23/613
f 2220/1/614 2228/2/614 2234/3/614 2224/4/614
f 2227/5/615 2225/6/615 2236/7/615 2238/8/615
f 2232/9/616 2229/10/616 2219/11/616 2223/12/616
f 2233/13/617 2222/14/617 2226/15/617 2237/16/617
f 2218/17/618 2219/17/618 2220/18/618
f 2221/19/619 2222/20/619 2223/20/619
f 2224/21/620 2225/21/620 2239/22/620
f 2226/15/621 2240/23/621 2227/24/621
f 2228/25/622 2229/25/622 2230/26/622
f 2231/27/623 2232/28/623 2233/28/623
f 2234/29/624 2235/30/624 2236/31/624
f 2237/16/625 2238/32/625 2217/33/625
f 2236/7/626 2225/6/626 2224/21/626 2234/34/626
f 2227/24/627 2238/32/627 2237/16/627 2226/15/627
f 2223/12/628 2219/11/628 2218/17/628 2221/35/628
f 2228/25/629 2220/18/629 2219/11/629 2229/10/629
f 2238/8/630 2236/7/630 2235/36/630 2217/37/630
f 2217/33/631 2231/38/631 2233/13/631 2237/16/631
f 2232/9/632 2223/12/632 2222/39/632 2233/28/632
f 2225/6/633 2227/5/633 2240/40/633 2239/22/633
f 2229/10/634 2232/9/634 2231/27/634 2230/26/634
f 2220/41/635 2224/42/635 2239/43/635 2218/44/635
f 2221/19/636 2240/23/636 2226/15/636 2222/14/636
f 2234/29/637 2228/45/637 2230/46/637 2235/47/637
f 2230/46/638 2231/38/638 2217/37/638 2235/47/638
f 2221/19/639 2218/44/639 2239/22/639 2240/23/639
f 2269/1/41 2278/2/41 2282/3/41 2272/4/41
f 2277/5/666 2273/6/666 2284/7/666 2286/8/666
f 2280/9/667 2279/10/667 2268/11/667 2271/12/667
f 2281/13/28 2270/14/28 2275/15/28 2285/16/28
f 2267/17/668 2268/17/668 2269/18/668
f 2288/19/669 2270/20/669 2271/20/669
f 2272/21/670 2273/21/670 2274/22/670
f 2275/15/671 2276/23/671 2277/24/671
f 2278/25/672 2279/25/672 2265/26/672
f 2266/27/673 2280/28/673 2281/28/673
f 2282/29/674 2283/30/674 2284/31/674
f 2285/16/675 2286/32/675 2287/33/675
f 2284/7/676 2273/6/676 2272/21/676 2282/34/676
f 2277/24/677 2286/32/677 2285/16/677 2275/15/677
f 2271/12/678 2268/11/678 2267/17/678 2288/35/678
f 2278/25/679 2269/18/679 2268/11/679 2279/10/679
f 2286/8/680 2284/7/680 2283/36/680 2287/37/680
f 2287/33/681 2266/38/681 2281/13/681 2285/16/681
f 2280/9/682 2271/12/682 2270/39/682 2281/28/682
f 2273/6/683 2277/5/683 2276/40/683 2274/22/683
f 2279/10/684 2280/9/684 2266/27/684 2265/26/684
f 2269/41/685 2272/42/685 2274/43/685 2267/44/685
f 2288/19/686 2276/23/686 2275/15/686 2270/14/686
f 2282/29/687 2278/45/687 2265/46/687 2283/47/687
f 2276/23/688 2288/19/688 2267/17/688 2274/43/688
f 2266/38/689 2287/33/689 2283/36/689 2265/46/689
f 2290/5/42 2289/6/42 2291/7/42 2292/8/42
f 2294/5/42 2293/6/42 2295/7/42 2296/8/42
f 2298/5/27 2300/8/27 2299/7/27 2297/6/27
f 2302/5/27 2304/8/27 2303/7/27 2301/6/27
